,Name,BI_LSTM-RI,NONE_TRPLT-RI,NONE_MREC-RI,NONE_VAE-RI,IDEC_TRPLT-RI,BI_GRU-RI,RES_CNN-RI,IDEC_REC-RI,D_RNN-RI,IDEC_MREC-RI,NONE_CNRV-RI,BI_RNN-RI,NONE_REC-RI,D_CNN-RI,MLP-RI,S_CNN-RI,BI_RNN+ATTN-RI,IDEC_CNRV-RI,IDEC_VAE-RI,BI_LSTM-ARI,NONE_TRPLT-ARI,NONE_MREC-ARI,NONE_VAE-ARI,IDEC_TRPLT-ARI,BI_GRU-ARI,RES_CNN-ARI,IDEC_REC-ARI,D_RNN-ARI,IDEC_MREC-ARI,NONE_CNRV-ARI,BI_RNN-ARI,NONE_REC-ARI,D_CNN-ARI,MLP-ARI,S_CNN-ARI,BI_RNN+ATTN-ARI,IDEC_CNRV-ARI,IDEC_VAE-ARI,BI_LSTM-NMI,NONE_TRPLT-NMI,NONE_MREC-NMI,NONE_VAE-NMI,IDEC_TRPLT-NMI,BI_GRU-NMI,RES_CNN-NMI,IDEC_REC-NMI,D_RNN-NMI,IDEC_MREC-NMI,NONE_CNRV-NMI,BI_RNN-NMI,NONE_REC-NMI,D_CNN-NMI,MLP-NMI,S_CNN-NMI,BI_RNN+ATTN-NMI,IDEC_CNRV-NMI,IDEC_VAE-NMI
0,ACSF1,0.308844221,0.842098805,0.751027,0.853175014,0.827212007,0.6198725,0.822815,0.840492,0.819835531,0.794206,0.861434953,0.6775,0.829281,0.71944,0.62231125,0.72230375,0.77653625,0.860496231,0.855876823,0.015300895,0.248880188,0.191583,0.29588554,0.289243874,0.0724,0.24596,0.270628,0.246902801,0.23881,0.265154144,0.1226025,0.256448,0.2262275,0.09963875,0.242925,0.20314625,0.253597972,0.301707875,0.184614525,0.517913551,0.40545,0.524660871,0.507735917,0.2863425,0.500835,0.514079,0.478306374,0.516512,0.479410533,0.35815875,0.511617,0.4948775,0.3283175,0.49621875,0.48755625,0.471856878,0.54168158
1,Adiac,0.872750254,0.934945458,0.943775,0.948448085,0.93346732,0.92473125,0.93475375,0.932765,0.926143331,0.941349,0.960453579,0.93648125,0.934833,0.938755,0.932845,0.93884,0.9391025,0.961300847,0.959904514,0.121516177,0.149888939,0.2349,0.183946068,0.165003944,0.09381875,0.0764475,0.088725,0.145964321,0.194012,0.346772981,0.1420975,0.087045,0.17796875,0.243895,0.20247125,0.17571,0.341825219,0.20504055,0.490347979,0.513983272,0.595355,0.524625488,0.510685991,0.4208975,0.3890675,0.398987,0.475127717,0.537255,0.665686146,0.48858875,0.40393,0.53952375,0.61410875,0.55654125,0.53034,0.659515264,0.540099217
2,AllGestureWiimoteX,0.78780981,0.803331526,0.768444,0.813964683,0.804033708,0.6790575,0.7040575,0.643513,0.793792255,0.741646,0.82392904,0.7432925,0.652852,0.71211875,0.5184075,0.7515625,0.75993,0.824118619,0.830376809,0.061194061,0.043842069,0.101264,0.08337727,0.060171093,0.06145625,0.1055025,0.099835,0.032001933,0.098275,0.0736249,0.03545125,0.086124,0.08649375,0.036355,0.10932375,0.08342625,0.071050751,0.096257042,0.170178302,0.134200358,0.234329,0.147472169,0.12667483,0.1835725,0.27183125,0.270622,0.100364222,0.233392,0.177682205,0.12559625,0.245855,0.2431575,0.1447925,0.2507025,0.22483,0.170024309,0.161143082
3,AllGestureWiimoteY,0.798812813,0.817589731,0.775115,0.825818307,0.815460616,0.7526875,0.78414625,0.782658,0.804328703,0.789153,0.829077522,0.728075,0.785018,0.76447,0.65626125,0.7694675,0.773005,0.832024525,0.843164457,0.125000833,0.076833838,0.055006,0.12519105,0.095126156,0.061555,0.065845,0.068603,0.078718526,0.065531,0.111138826,0.05902875,0.062877,0.069465,0.02388375,0.07620375,0.06281125,0.107628431,0.137213096,0.259858385,0.20160774,0.15903,0.211135885,0.188587904,0.16082875,0.169065,0.171203,0.163815849,0.168915,0.242332201,0.16464875,0.158466,0.17396,0.0898925,0.18779375,0.1867075,0.234378656,0.229429052
4,AllGestureWiimoteZ,0.772844845,0.80650279,0.807467,0.816061746,0.8065062,0.665905,0.8049,0.805874,0.795230088,0.805734,0.832415972,0.76948875,0.806258,0.80493875,0.75788625,0.79641625,0.8106375,0.830323073,0.832529391,0.036826859,0.043936501,0.073363,0.081598435,0.056952642,0.030335,0.04107625,0.042572,0.031032742,0.0666,0.092357872,0.04665125,0.040469,0.0770325,0.0355775,0.03843875,0.04104,0.079641768,0.097633048,0.127687124,0.127798561,0.176067,0.143500854,0.119983102,0.13504375,0.10578875,0.10898,0.089669567,0.157985,0.194058551,0.168375,0.102119,0.18116,0.1049375,0.10860625,0.1109675,0.173165554,0.153884414
5,ArrowHead,0.571699391,0.55204529,0.612094,0.556611112,0.560766256,0.52334625,0.635285,0.626442,0.55928014,0.618289,0.668993706,0.5430375,0.615325,0.61028,0.61353,0.62554125,0.59961125,0.653763259,0.577649639,0.190499105,0.14584441,0.188371,0.188686944,0.15835181,0.07355625,0.23329875,0.220126,0.140029339,0.196889,0.260900778,0.07881625,0.195531,0.2503025,0.21811625,0.23690375,0.17938125,0.231953317,0.182374787,0.29782006,0.244429187,0.245703,0.249139553,0.230499612,0.107635,0.26928875,0.26087,0.200758182,0.247105,0.252700396,0.07422,0.258502,0.300085,0.28654875,0.27783125,0.22885375,0.233877619,0.265366479
6,Beef,0.592655367,0.657871629,0.601199,0.668519484,0.678922126,0.64048,0.65954125,0.656836,0.664586026,0.587003,0.627491551,0.65242625,0.63681,0.61112,0.613345,0.6156975,0.5888025,0.62849162,0.700465415,0.034849688,0.090818352,0.133548,0.122127784,0.085730881,0.225085,0.25125375,0.235422,0.050246004,0.158923,0.167093204,0.267675,0.211945,0.12451875,0.12994875,0.16425875,0.12843375,0.167671528,0.13193482,0.227191092,0.288867076,0.215828,0.291714579,0.27995372,0.30137375,0.30405625,0.282038,0.243745674,0.226389,0.213948568,0.37833,0.27115,0.17058375,0.1756225,0.22191,0.1914825,0.223508183,0.300578964
7,BeetleFly,0.533333333,0.469780104,0.662726,0.478638326,0.469523788,0.6764125,0.64470375,0.638475,0.459938062,0.67209,0.696547395,0.6831225,0.60223,0.60322125,0.63502875,0.6426,0.6600275,0.700564972,0.495347917,0.077942323,-0.039052171,0.195462,0.001066587,-0.021558279,0.11350125,0.070645,0.069121,-0.048439313,0.100612,0.078604324,0.09293625,0.053278,0.06806625,0.070675,0.06808125,0.0621325,0.081486804,0.01227081,0.210200794,0.004885784,0.305419,0.011169751,-0.007198394,0.29791375,0.28077875,0.284021,-0.036398843,0.302025,0.231901049,0.275265,0.202566,0.28370625,0.28945375,0.277275,0.239365,0.234192811,0.027902249
8,BirdChicken,0.55,0.513473717,0.630158,0.515583453,0.515392206,0.55609,0.51746625,0.525127,0.50154377,0.668333,0.68960114,0.55977625,0.588946,0.52116,0.56073625,0.54070375,0.627725,0.691826923,0.552475982,0.109310951,0.042396087,0.259105,0.096908247,0.070999025,0.1163975,0.03563625,0.051987,0.050436311,0.337313,0.380261361,0.122325,0.166175,0.05203625,0.1218725,0.28181875,0.25682625,0.384555038,0.127517836,0.242037017,0.090529075,0.254854,0.052542018,0.057118678,0.1321075,0.04724,0.064885,0.022483877,0.319981,0.37844037,0.14539125,0.188328,0.06184375,0.1107675,0.243665,0.2420125,0.37314648,0.098061636
9,BME,0.55946617,0.559128635,0.709727,0.588371986,0.576282898,0.49342875,0.51874875,0.509358,0.569677829,0.576154,0.700569801,0.495515,0.57069,0.510232647,0.52612,0.5078525,0.4919875,0.70849359,0.604091388,0.145538463,0.113979987,0.38163,0.150460355,0.126481635,-0.01171,0.036905,0.018287,0.102643615,0.15223,0.400786909,-0.008345,0.084211,0.06929,0.0534175,0.0153625,-0.00432375,0.416662414,0.17606901,0.2106349,0.202708688,0.419773,0.196972149,0.18544291,0.0094625,0.0450225,0.031771,0.160776827,0.140658,0.327840813,0.01268625,0.124242,0.06947625,0.0606575,0.02961375,0.01319,0.342329614,0.217397781
10,Car,0.572689076,0.633821954,0.692087,0.646705388,0.629799229,0.68355875,0.79308875,0.797586,0.619952231,0.803878,0.885381823,0.70391625,0.758701,0.72755875,0.68297625,0.7402975,0.8252425,0.859746866,0.660160083,0.11919855,0.100665985,0.287919,0.143757136,0.12269628,0.32095625,0.5439175,0.557854,0.093674357,0.568867,0.747820197,0.371365,0.476076,0.415005,0.29572625,0.64998375,0.6208475,0.691759932,0.153984591,0.251619591,0.202886063,0.335653,0.211125735,0.189000598,0.3583725,0.57465,0.588031,0.160431147,0.594327,0.774975092,0.4250125,0.481625,0.52083875,0.32874625,0.67531875,0.69043125,0.729146854,0.226470145
11,CBF,0.704269824,0.683210241,0.586621,0.694740189,0.684117634,0.603485,0.6388825,0.640083,0.674548016,0.653137,0.738857765,0.63131875,0.648841,0.63665375,0.6466925,0.67377375,0.593715,0.747601541,0.710985209,0.367614406,0.33600271,0.100159,0.376905903,0.352131478,0.02276375,0.09874375,0.107422,0.325957736,0.137401,0.362736907,0.0856475,0.179465,0.15349875,0.13858375,0.17896375,0.076495,0.375306567,0.388902589,0.440763568,0.398140017,0.09656,0.409315456,0.389486367,0.08336,0.1785175,0.195464,0.356821652,0.231529,0.463762099,0.17666,0.222553,0.25758,0.25028875,0.25244625,0.14139625,0.464580255,0.422178126
12,Chinatown,0.591389432,0.546299166,0.583291,0.557549886,0.54782239,0.777735,0.900435,0.746553,0.537301581,0.652911,0.715801094,0.77592,0.780638,0.58917125,0.57486375,0.65627375,0.685255,0.921699533,0.574231956,0.008069554,0.092216749,0.079671,0.132785709,0.10908238,0.55332375,0.7962175,0.484631,0.083480852,0.291739,0.422895798,0.54854,0.493583,0.02074625,0.13047125,0.300385,0.30741125,0.834732804,0.145497285,0.011060146,0.05005162,0.079728,0.059708202,0.038492451,0.5352925,0.73115,0.411119,0.009623515,0.22515,0.407048122,0.49588,0.46067,0.0162975,0.06267875,0.225965,0.2414825,0.765726777,0.07444984
13,ChlorineConcentration,0.402628996,0.501110399,0.668879,0.508549922,0.501670542,0.51727625,0.5293825,0.5301,0.488938766,0.530231,0.518077635,0.51965,0.57784,0.5256725,0.5278575,0.527375,0.52301375,0.513168177,0.530456861,0.008182693,-0.01986396,0.250809,0.020606663,-0.003555317,-0.00058625,-8.75e-06,0.000572,-0.029840263,0.00058,-0.002534828,-0.00091125,0.100357,0.00143125,0.00070625,-0.00044,0.00055625,-0.002355394,0.032205268,0.020617749,0.000554201,0.275084,0.011045687,-0.008402204,0.00160125,0.001345,0.001555,-0.040707122,0.001365,0.001966754,0.0019475,0.090131,0.00127875,0.0015225,0.00140125,0.00162375,0.001604492,0.025456264
14,CinCECGTorso,0.621853319,0.645860052,0.640908,0.655527338,0.647834321,0.63519375,0.659035,0.65114,0.63440154,0.675584,0.62980774,0.63534,0.618766,0.6239475,0.6660525,0.6583125,0.64555625,0.622976407,0.676122378,0.035392392,0.12818457,0.221703,0.175924398,0.13653344,0.05734,0.111035,0.099131,0.110100834,0.152913,0.11961611,0.05662,0.107113,0.26427,0.1356825,0.11523875,0.06651625,0.102579522,0.178401217,0.045963785,0.213069511,0.234497,0.235511798,0.236490601,0.05934,0.144825,0.133325,0.182693529,0.191063,0.213425471,0.05852125,0.120825,0.36947,0.211805,0.1455375,0.0857475,0.179329945,0.245329595
15,Coffee,0.501298701,0.726700539,0.666741,0.730043083,0.750183797,0.50422,0.659415,0.606558,0.692730986,0.708052,0.946176046,0.50641,0.720395,0.96128375,0.82337625,0.5384725,0.50016125,0.948701299,0.73273299,0.015782825,0.456999472,0.102095,0.496851462,0.426466716,0.011535,0.31874375,0.215074,0.450085218,0.417456,0.892330889,0.01557,0.198762,0.92255,0.64675125,0.080115,0.0027,0.89738827,0.607595146,0.090331584,0.473464244,0.182806,0.441281226,0.546536261,0.03118,0.2644925,0.185591,0.37238849,0.380043,0.857824951,0.034725,0.24877,0.90267875,0.60970125,0.07947625,0.01866625,0.87318104,0.621803968
16,Computers,0.501314629,0.481853386,0.761569,0.492314198,0.482238689,0.50304125,0.5151825,0.512533,0.471807828,0.509203,0.520964596,0.50045125,0.706633,0.502285,0.50268875,0.5188325,0.514035,0.52157515,0.508799161,0.00436187,-0.016237435,0.113011,0.024976048,0.00017811,0.00678375,0.0314675,0.026277,-0.026280566,0.019546,0.042783155,0.00114,0.064313,0.00482,0.0055725,0.03817375,0.02898625,0.043978328,0.036389405,0.057432232,0.004490064,0.248727,0.014196971,-0.006574108,0.0101375,0.05545875,0.050633,-0.035640882,0.043421,0.073980371,0.00309875,0.162422,0.00581375,0.0103625,0.0496425,0.0374575,0.07331185,0.028903463
17,CricketX,0.80754748,0.836585526,0.867942,0.845640221,0.834756089,0.84615875,0.84843625,0.854384,0.826033289,0.862315,0.871847902,0.8538575,0.856341,0.86443875,0.85760375,0.85653,0.81299875,0.873984974,0.861918723,0.121223901,0.076457181,0.159088,0.117723538,0.090670921,0.05046625,0.07025,0.098547,0.060173614,0.126402,0.203360627,0.10550875,0.120436,0.13199625,0.09783,0.1502725,0.0485375,0.215192053,0.126271819,0.354752497,0.237466237,0.341363,0.253871659,0.221394588,0.1524075,0.1942625,0.246985,0.202476968,0.295495,0.403474977,0.24533625,0.282432,0.302185,0.24285,0.35207,0.150635,0.421079094,0.256957099
18,CricketY,0.849178763,0.83866536,0.888234,0.845302284,0.841232453,0.82715375,0.84552375,0.845603,0.829189029,0.859159,0.873958505,0.8412175,0.854666,0.86018625,0.8536825,0.8592025,0.69088,0.875108209,0.865953086,0.177569188,0.10773737,0.1734,0.149442867,0.117805252,0.06861,0.1324475,0.129665,0.10054216,0.156352,0.21357706,0.10941875,0.190035,0.14065625,0.107515,0.1533925,0.05616125,0.216233913,0.166729931,0.371941558,0.284757042,0.370642,0.301595164,0.283088444,0.17947,0.30698625,0.305326,0.241805106,0.343054,0.405275941,0.23529625,0.357176,0.32313125,0.2639825,0.3379775,0.16192375,0.401825413,0.313656962
19,CricketZ,0.813254995,0.839755546,0.862125,0.849163504,0.841061112,0.84529875,0.85708,0.855981,0.828491173,0.864967,0.872377107,0.85348625,0.809686,0.86608875,0.85730375,0.8618675,0.8014925,0.875655015,0.866400212,0.105466999,0.080556252,0.339739,0.110274438,0.097199439,0.04921875,0.1131325,0.098044,0.072417051,0.142692,0.203182453,0.09897375,0.245751,0.13707125,0.0963775,0.1517975,0.0621675,0.220527725,0.126606765,0.310445912,0.246197817,0.500021,0.249302803,0.234115594,0.14608,0.28160875,0.250333,0.203614635,0.320088,0.406708871,0.23767625,0.36134,0.3032975,0.23986625,0.3462975,0.1797425,0.424924044,0.255224278
20,Crop,0.888275508,0.91537885,0.80431,0.925545202,0.916129863,0.93748875,0.938795,0.937735,0.905737527,0.92591,0.932843578,0.938145,0.788896,0.73593625,0.93379625,0.93786125,0.931415,0.932466331,0.942336329,0.146738419,0.236864316,0.4051,0.277206988,0.248093624,0.3136825,0.29341875,0.290311,0.223084052,0.231193,0.220326025,0.30376625,0.338388,0.30463125,0.31371,0.28821625,0.20113375,0.19874784,0.288483306,0.336953986,0.436829693,0.448959,0.444613073,0.424033596,0.540295,0.51070875,0.511125,0.393761471,0.456014,0.415717038,0.52810875,0.420636,0.53736,0.55334375,0.50780375,0.42826625,0.386462442,0.458559389
21,DiatomSizeReduction,0.29579536,0.858053312,0.691074,0.828108833,0.805032051,0.75735125,0.67360125,0.637606,0.832048774,0.805055,0.943753238,0.7691025,0.650365,0.9324225,0.8175525,0.66950875,0.75109875,0.957269112,0.902554264,0.012339876,0.703197813,0.370179,0.742669312,0.650142179,0.49626,0.34079125,0.267066,0.742496057,0.570136,0.860294736,0.5374175,0.291687,0.84066,0.6693975,0.318345,0.51526875,0.89209641,0.807786398,0.040904104,0.758670424,0.338329,0.85630728,0.737840726,0.61798625,0.41259125,0.325868,0.691741337,0.626387,0.863501803,0.6687575,0.292996,0.8573175,0.6941525,0.42175375,0.6187025,0.880379491,0.866138547
22,DistalPhalanxOutlineAgeGroup,0.477112372,0.721303145,0.68104,0.731150983,0.721455094,0.7285375,0.7377825,0.736954,0.711268784,0.725329,0.740857479,0.72270125,0.742843,0.72579,0.72275125,0.74512,0.74795875,0.743405625,0.748669046,0.018446793,0.455563008,0.282866,0.497831488,0.471136659,0.447875,0.46616125,0.464263,0.445356607,0.440942,0.472746732,0.435565,0.43862,0.4427,0.4359175,0.48237875,0.48882625,0.478720018,0.509241586,0.028515263,0.424637709,0.269725,0.432058497,0.412396015,0.35365625,0.40642,0.401554,0.387752031,0.341062,0.425788069,0.32715375,0.380075,0.3451525,0.3181925,0.43769875,0.44584,0.433385267,0.450104319
23,DistalPhalanxOutlineCorrect,0.530429224,0.479971578,0.690138,0.490428836,0.480425959,0.4994775,0.49952,0.49972,0.469974836,0.499545,0.517998985,0.49949625,0.704269,0.49931875,0.49948375,0.49945625,0.49990625,0.500214612,0.506943386,0.012185999,-0.020025885,0.22776,0.021337742,-0.003806648,-0.0009925,-0.00094,-0.000603,-0.029994335,-0.000953,0.030087121,-0.0009725,0.294664,-0.00092875,-0.00098875,-0.001045,-0.00033125,0.00032456,0.032927879,0.016035881,0.001302632,0.292573,0.011174496,-0.009574719,0.00013125,0.00031,0.000919,-0.038694126,0.000381,0.028088288,0.000205,0.29512,0.0002475,0.0001525,0.00010625,0.0016225,0.002141541,0.025896537
24,DistalPhalanxTW,0.819926754,0.744512152,0.71615,0.75166343,0.758189519,0.83097,0.9005275,0.900725,0.750273182,0.816219,0.788638222,0.80066625,0.765364,0.78792125,0.7791525,0.90126125,0.885775,0.786958328,0.777123774,0.610132911,0.392017613,0.27757,0.500986472,0.420062473,0.57064875,0.76169875,0.762366,0.406919392,0.522044,0.436082624,0.47823125,0.423724,0.44277,0.41698875,0.76342875,0.719885,0.432784248,0.45843848,0.487040354,0.534892738,0.343616,0.540338596,0.523792649,0.49840125,0.58679125,0.594252,0.493762011,0.502333,0.529189588,0.47442,0.421814,0.4927475,0.4481725,0.59589375,0.57694,0.528062824,0.540164563
25,DodgerLoopDay,0.657179715,0.784093578,0.786807,0.790833793,0.755698454,0.77853125,0.78092,0.785133,0.758203063,0.798152,0.7887787,0.81389625,0.693959,0.52957875,0.76540875,0.7889525,0.74788375,0.764744417,0.797345074,0.17640797,0.226252744,0.465093,0.261956269,0.239688869,0.2320925,0.23744125,0.24826,0.239436835,0.244756,0.242630252,0.30835875,0.286764,0.1084225,0.2113225,0.2395675,0.2394125,0.196779831,0.296783596,0.461248089,0.402269794,0.490837,0.428483131,0.405385113,0.4489625,0.40852375,0.42651,0.368363504,0.421674,0.431699089,0.512965,0.324711,0.25926125,0.39846125,0.3713175,0.4139775,0.407011067,0.437597239
26,DodgerLoopGame,0.496815287,0.484637489,0.680716,0.494613179,0.484470548,0.5044975,0.6019525,0.610234,0.474309934,0.537009,0.528967006,0.5933675,0.671562,0.49816875,0.50468875,0.52296125,0.59421375,0.524006289,0.511385444,-0.001811792,-0.010801861,0.354061,0.030499888,0.005148061,0.00967875,0.20436125,0.220937,-0.020641582,0.074577,0.059098675,0.18726875,0.335171,0.00058125,0.01005375,0.0464875,0.18900375,0.048671936,0.042443661,0.032100731,0.009586812,0.320676,0.01956537,-0.001213757,0.01065625,0.20036125,0.221324,-0.029795477,0.075673,0.065204253,0.19561625,0.310804,0.0142125,0.01094625,0.04428,0.19686375,0.041133154,0.034411898
27,DodgerLoopWeekend,0.569378376,0.874933629,0.728321,0.884956945,0.874449642,0.9534375,0.78868,0.735783,0.866481851,0.874572,0.806955307,0.8431425,0.695124,0.67654125,0.959465,0.8948425,0.61083,0.539486415,0.902828465,-0.02108832,0.766968196,0.447371,0.807482506,0.783744418,0.904735,0.57218875,0.462093,0.758018523,0.74378,0.598513277,0.67981375,0.376136,0.23251875,0.916985,0.7847975,0.2020475,0.065612026,0.821666751,0.018956618,0.729582466,0.420719,0.730299469,0.718712059,0.84426625,0.53769125,0.431928,0.681783198,0.691198,0.503186817,0.64374875,0.345521,0.21816125,0.85929,0.6717275,0.22957875,0.102403501,0.746174548
28,Earthquakes,0.552673772,0.480484772,0.66112,0.491401751,0.482483331,0.6032175,0.60163375,0.61509,0.470826071,0.628946,0.636454495,0.62776375,0.642403,0.62578,0.6191275,0.6288875,0.59181,0.603888191,0.506125139,0.006429653,-0.022849604,0.216159,0.019158045,-0.007247808,0.18370875,0.1750725,0.206842,-0.031828502,0.241833,0.263699633,0.23679375,0.219781,0.23671375,0.22212875,0.25114125,0.17139125,0.190087602,0.031390337,0.000226575,0.003791081,0.238432,0.012856492,-0.008681971,0.10302875,0.09967375,0.145382,-0.037441249,0.175262,0.167698303,0.14359625,0.248409,0.142725,0.131925,0.162305,0.1027775,0.134950596,0.026934885
29,ECG200,0.644020101,0.613366834,0.730289,0.623786906,0.613732201,0.73052375,0.71342875,0.692688,0.603366834,0.720782,0.746944464,0.7222225,0.684262,0.7356,0.73893375,0.71182625,0.682605,0.657178316,0.640273627,0.261446927,0.244332562,0.190145,0.285599073,0.260549627,0.44391125,0.40695625,0.367233,0.234332562,0.427119,0.482047051,0.42549625,0.145528,0.45413125,0.46082875,0.403205,0.35417,0.292504655,0.297363518,0.172110126,0.189183416,0.288676,0.199047081,0.178391881,0.4709775,0.47728625,0.429127,0.149183416,0.454907,0.455212921,0.47076375,0.198244,0.4981475,0.49752125,0.46232125,0.39705625,0.339155177,0.213742266
30,ECG5000,0.686529466,0.733072092,0.665196,0.749693585,0.733394347,0.51041125,0.49981,0.547394,0.725166575,0.540413,0.532059396,0.5717025,0.716897,0.50215,0.50050375,0.5000775,0.59743125,0.5190591,0.765110427,0.368074969,0.474197975,0.032527,0.51380685,0.483631079,0.020825,0.0001975,0.041637,0.469168037,0.027631,0.064247907,0.1434775,0.078557,0.00430625,0.00102125,0.00071375,0.194905,0.038185541,0.527177136,0.331386515,0.491714149,0.122156,0.499227432,0.480424807,0.01604,0.001415,0.050899,0.452538081,0.04532,0.059677407,0.13438625,0.190821,0.003955,0.00156625,0.00240375,0.1575575,0.037647002,0.5171797
31,ECGFiveDays,0.508352849,0.479957801,0.694162,0.490414903,0.480476144,0.83069375,0.8413425,0.84332,0.469993904,0.837246,0.872324492,0.842645,0.671065,0.1909525,0.851555,0.83302375,0.81996625,0.874427359,0.506883701,0.016817875,-0.020110131,0.05903,0.021412396,-0.003978087,0.12338375,0.17469125,0.181499,-0.030130312,0.146481,0.204521166,0.16455875,0.132894,0.01685625,0.187275,0.15751375,0.13549125,0.22172385,0.033144026,0.014936801,0.000780187,0.191462,0.010729334,-0.009957181,0.2753125,0.3397975,0.337725,-0.039156932,0.311228,0.402438169,0.32233,0.215862,0.0595825,0.3564225,0.31516375,0.31289125,0.414683045,0.025127892
32,ElectricDevices,0.652277902,0.661297214,0.705892,0.664598508,0.669958168,0.82117,0.80692375,0.786615,0.644413231,0.774707,0.872470107,0.8330675,0.75555,0.21221375,0.82290375,0.80161875,0.74173,0.874199067,0.694023149,0.102043914,0.15253479,0.113438,0.189417596,0.163356176,0.0499725,0.05429125,0.037624,0.128469981,0.045094,0.196454987,0.07658,0.086857,0.01215625,0.11435375,0.06166375,0.0571925,0.208580374,0.195579389,0.249071488,0.212925782,0.151745,0.217213796,0.201282502,0.14095875,0.14734875,0.137589,0.176222335,0.155554,0.349731697,0.1824575,0.174672,0.05794125,0.26405875,0.17038875,0.17542375,0.356616885,0.235286706
33,EOGHorizontalSignal,0.723634641,0.850364248,0.648374,0.860038933,0.846385958,0.51275375,0.549605,0.554588,0.834614445,0.555765,0.501719639,0.5298125,0.629267,0.53476,0.50115,0.55205,0.49951125,0.501438272,0.876992433,0.148179324,0.172773157,0.096631,0.213085838,0.185771976,0.00200125,-0.07314,-0.034067,0.158148426,0.001211,-0.048736029,0.00220125,0.012961,-0.0036875,-0.00071875,-0.07207625,-0.03566,-0.048186838,0.218663461,0.390231834,0.362500497,0.153699,0.369796978,0.351861292,0.00122875,0.05144625,0.074069,0.323638202,0.061188,0.044097774,0.00208125,0.092627,0.02872625,0.0040175,0.05217,0.0418175,0.045323754,0.383373605
34,EOGVerticalSignal,0.823395459,0.847284605,0.748415,0.854044356,0.844969383,0.6833825,0.75590375,0.733565,0.835607211,0.711875,0.662610607,0.74735375,0.709874,0.76947,0.73159125,0.77809,0.7751825,0.732847014,0.872735731,0.14230786,0.136110382,0.212544,0.177787508,0.155601428,0.17255375,0.26712625,0.234896,0.132104034,0.192769,0.104067759,0.2513675,0.162104,0.2614,0.1028125,0.3120625,0.27767375,0.136147974,0.197941167,0.314231819,0.29929434,0.311974,0.308573273,0.285866769,0.206715,0.26717,0.239281,0.259039931,0.230058,0.297279717,0.2567475,0.202049,0.250515,0.13012625,0.36644625,0.319005,0.264617131,0.319381273
35,EthanolLevel,0.592396118,0.604226202,0.75169,0.614756123,0.605169994,0.58644875,0.570765,0.597131,0.594618331,0.618741,0.614910911,0.5872025,0.653757,0.6242775,0.62121125,0.5633375,0.53963375,0.614114579,0.631346701,0.000669084,-0.01657094,0.226586,0.024942263,0.000254809,0.00217,0.000225,0.021314,-0.026449177,0.023764,0.002779696,0.00209875,0.155546,0.002775,0.0031725,-0.000475,0.0041,0.003242618,0.03650521,0.003893227,0.007698624,0.328217,0.018145558,-0.002197458,0.00743125,0.00429125,0.041593,-0.031715751,0.045359,0.007844708,0.00715375,0.241749,0.00685625,0.00781875,0.0036775,0.0079425,0.00797908,0.031833347
36,FaceAll,0.826472605,0.852382088,0.876554,0.863439019,0.851759169,0.884685,0.87310375,0.859086,0.841183095,0.880114,0.940605657,0.87257375,0.705713,0.8864275,0.88442375,0.8749375,0.86444,0.92822237,0.879709401,0.253486832,0.116981445,0.288017,0.16098544,0.133882669,0.26826375,0.19448625,0.206997,0.105417123,0.306068,0.616247107,0.210365,0.144051,0.24546125,0.22329375,0.19742125,0.19003875,0.52070564,0.170340094,0.515024571,0.290819313,0.489443,0.298621507,0.27529627,0.43582125,0.3708775,0.381117,0.249153282,0.469463,0.755619167,0.372665,0.22684,0.42625,0.36652375,0.3847875,0.37816375,0.669201376,0.315898086
37,FaceFour,0.752895753,0.721187659,0.837442,0.728013831,0.721033226,0.70139625,0.75945125,0.761919,0.70497883,0.771123,0.926283426,0.72110375,0.798616,0.73079625,0.71857,0.756515,0.7258275,0.933598777,0.75226797,0.381767035,0.310212207,0.267171,0.336405806,0.308366722,0.27094875,0.39838125,0.364234,0.30200386,0.365731,0.804641117,0.3097125,0.212732,0.331165,0.3106825,0.40654125,0.33055875,0.823488901,0.338851516,0.436351263,0.400779129,0.464389,0.418513333,0.383699663,0.34797375,0.47544875,0.447135,0.353422096,0.477779,0.798195616,0.37855625,0.344309,0.42713125,0.40641375,0.48991125,0.41785125,0.819629502,0.442770119
38,FacesUCR,0.826472605,0.853800886,0.789438,0.863471727,0.853984596,0.8794025,0.87173,0.875111,0.843788591,0.898088,0.941942087,0.866075,0.832811,0.8913575,0.8815875,0.87684875,0.71258,0.937297416,0.879882373,0.253486832,0.122303681,0.229784,0.165733894,0.139739269,0.25438375,0.192905,0.173746,0.112697487,0.28479,0.620259326,0.18836875,0.262631,0.26913625,0.21308,0.21307875,0.13740125,0.599061244,0.177080219,0.515024571,0.28450179,0.373961,0.291078751,0.266902549,0.41785,0.37113125,0.371844,0.245840771,0.472529,0.750427183,0.3479025,0.428686,0.44538875,0.35950125,0.3979325,0.31242375,0.749471813,0.308856771
39,FiftyWords,0.941145553,0.932228859,0.680598,0.942981828,0.932048549,0.925735,0.94309,0.926292,0.922321259,0.929897,0.945472275,0.94905625,0.862413,0.9560825,0.951525,0.94181125,0.86758125,0.945568804,0.959058969,0.357337763,0.238354349,0.119886,0.275107264,0.257248651,0.10034625,0.21503125,0.184534,0.231278736,0.196372,0.165190922,0.24560625,0.203488,0.31339375,0.2500825,0.1855425,0.07863125,0.174074617,0.279966193,0.659489481,0.629823808,0.237031,0.641513401,0.615676916,0.439615,0.51844,0.487181,0.591901196,0.516243,0.537951696,0.58671375,0.391957,0.6707975,0.61112125,0.51664875,0.3910625,0.540723255,0.652617115
40,Fish,0.710045027,0.72661351,0.640721,0.735604756,0.722012187,0.73214875,0.76684,0.739108,0.712799677,0.761393,0.886212762,0.74334125,0.795809,0.81039125,0.8013675,0.76288,0.73078375,0.885716332,0.754516527,0.096559761,0.061823046,0.190037,0.111934599,0.08601888,0.07057625,0.149635,0.130374,0.062721517,0.228838,0.560553025,0.09347625,0.140635,0.28286875,0.25473125,0.1340875,0.07439625,0.562115944,0.125914677,0.191009385,0.175824734,0.207264,0.190928163,0.175665434,0.15435625,0.23847375,0.211602,0.137914762,0.32852,0.660526891,0.18163625,0.319033,0.41121375,0.36885,0.22426875,0.14645375,0.66359555,0.198627202
41,FordA,0.500252774,0.480108459,0.597648,0.490483528,0.480662386,0.49991375,0.5181325,0.529831,0.470091343,0.534297,0.504687119,0.499945,0.66796,0.501295,0.49995625,0.519765,0.50912,0.506100122,0.507001329,0.000451649,-0.019741851,0.195264,0.021347657,-0.003400083,-0.00017625,0.0362075,0.059567,-0.030006914,0.0685,0.009350168,-0.0001125,0.116636,0.00253,-8.75e-05,0.03938125,0.0182075,0.012175431,0.033178504,0.000269908,0.000173786,0.167806,0.010326161,-0.01047582,1.75e-05,0.038585,0.076354,-0.039885873,0.099038,0.006658773,5.38e-05,0.174955,0.00457375,8.13e-05,0.05947875,0.01313375,0.008881354,0.024753168
42,FordB,0.503618222,0.47999859,0.710421,0.490388676,0.480404654,0.50016,0.50572,0.513236,0.470006071,0.540691,0.536641714,0.50005625,0.545629,0.51233,0.4999425,0.52205375,0.53263,0.52511704,0.506883231,0.007235083,-0.019962936,0.408967,0.021277633,-0.003853416,0.000325,0.0114425,0.02647,-0.029983264,0.081384,0.073283021,0.00011,0.051671,0.02465375,-0.00011125,0.0440925,0.06525375,0.050233998,0.033053427,0.005232923,0.000151981,0.389025,0.010041045,-0.010635115,0.00040125,0.00946875,0.025158,-0.039851481,0.073116,0.054065668,0.00023625,0.058395,0.0216475,8.5e-05,0.0581025,0.0521575,0.036803344,0.024573545
43,FreezerRegularTrain,0.499835278,0.62033011,0.814874,0.630697284,0.620772996,0.54785625,0.59886625,0.600816,0.61033011,0.623265,0.548558211,0.533625,0.58866,0.62902875,0.63967875,0.62256375,0.610285,0.558595087,0.647250708,1.78e-06,0.260661753,0.374663,0.301903679,0.276765459,0.09580125,0.197765,0.201658,0.250661753,0.246538,0.097210589,0.0673675,0.148512,0.25806,0.2793575,0.24513875,0.22059,0.117286478,0.313654925,0.00091213,0.21581435,0.515351,0.225677976,0.204991897,0.11288,0.16787,0.171064,0.17581435,0.194444,0.10536762,0.0972975,0.160134,0.20123,0.21354625,0.1921675,0.18121125,0.132582652,0.240299397
44,FreezerSmallTrain,0.499828382,0.621071208,0.851797,0.631196772,0.621456875,0.53784125,0.58124375,0.637392,0.610893262,0.660168,0.548715786,0.53253875,0.657094,0.63213375,0.63160625,0.62961625,0.6010225,0.583965096,0.647886666,1.94e-06,0.262006128,0.333604,0.303577171,0.278113453,0.07579625,0.16252875,0.249592,0.252145267,0.295123,0.097517408,0.065205,0.227508,0.26427375,0.263225,0.2592325,0.20207125,0.16798316,0.314794324,0.000950252,0.21682395,0.535475,0.226624742,0.206281323,0.102535,0.15076375,0.241935,0.176753176,0.264665,0.114990686,0.0973025,0.266621,0.204725,0.20642125,0.19983125,0.17165625,0.163335984,0.24120081
45,Fungi,1.0,0.919908716,0.947773,0.939826155,0.931162307,0.9398475,0.955525,0.955346,0.923004326,0.978001,0.985967567,0.94645875,0.77339,0.76988875,0.97124,0.9421725,0.846795,0.985082826,0.96710872,1.0,0.612946914,0.405104,0.613727977,0.565386445,0.50494875,0.62114875,0.609922,0.602367004,0.792547,0.872469266,0.54639375,0.335453,0.41041375,0.743765,0.510835,0.56607875,0.865327685,0.674072742,1.0,0.837385849,0.668885,0.839756684,0.826582216,0.79167625,0.83797,0.829318,0.782927004,0.908515,0.959679921,0.80915125,0.459728,0.74567875,0.90582375,0.78029375,0.718525,0.956269431,0.870962291
46,GestureMidAirD1,0.912752621,0.921876685,0.903041,0.933271997,0.923863746,0.9059425,0.93060625,0.931703,0.912789654,0.940292,0.946170039,0.92757,0.903804,0.93532125,0.91633,0.92961125,0.91906875,0.947026496,0.949574402,0.244402461,0.238513565,0.34599,0.28931223,0.252282396,0.15028625,0.23447125,0.230615,0.23309739,0.285699,0.290825944,0.20293,0.364219,0.16644,0.1698725,0.20224625,0.2091125,0.304838207,0.297012021,0.624271204,0.615758271,0.599498,0.624093201,0.600828575,0.4942975,0.59536375,0.588546,0.569696551,0.637378,0.636045034,0.54536375,0.636599,0.51797125,0.52462125,0.56466875,0.5725825,0.644100472,0.639845365
47,GestureMidAirD2,0.936017418,0.925378475,0.89351,0.936735239,0.928929255,0.877815,0.9407625,0.936095,0.912464296,0.936806,0.949387116,0.9123,0.922931,0.47371625,0.92570625,0.92742375,0.901675,0.947959282,0.953697933,0.308467254,0.264893365,0.411602,0.313688982,0.286678967,0.1441475,0.25492,0.231071,0.259300321,0.238654,0.345054737,0.16799875,0.268105,0.05398,0.19630375,0.15651125,0.15873125,0.337546,0.320524554,0.666888698,0.637669483,0.62299,0.6447499,0.625987387,0.51766125,0.6147475,0.594316,0.598030838,0.596251,0.681314166,0.53742375,0.588631,0.29919375,0.55898375,0.53076625,0.51874625,0.679761714,0.664999163
48,GestureMidAirD3,0.889645848,0.911956233,0.733326,0.922704544,0.912332852,0.900785,0.91777625,0.908575,0.901210006,0.909565,0.933354403,0.91959375,0.903548,0.91132125,0.887675,0.91607625,0.9108075,0.932363089,0.939295466,0.139343013,0.110154797,0.191859,0.153009196,0.124415742,0.05522625,0.13698875,0.15767,0.099911013,0.144667,0.117525914,0.07001625,0.216733,0.05833875,0.07419375,0.11294875,0.0714625,0.11603559,0.163625851,0.454342719,0.463027706,0.331072,0.475811216,0.45443879,0.3715975,0.49152,0.488496,0.425400077,0.470869,0.468016659,0.39334625,0.514291,0.3821275,0.40407125,0.463325,0.39319,0.468121593,0.49074441
49,GesturePebbleZ1,0.894020323,0.834157043,0.647143,0.848790482,0.84030833,0.74318375,0.8038425,0.803844,0.824702581,0.841832,0.893050489,0.77489375,0.82369,0.8094025,0.8264225,0.84046625,0.851345,0.896218734,0.862175393,0.644600788,0.470294395,0.219136,0.523006485,0.492899502,0.12042625,0.34864375,0.358369,0.461264279,0.477475,0.616265899,0.24311375,0.236295,0.3841325,0.40290125,0.46447875,0.48334,0.629665599,0.57169361,0.764271913,0.60608709,0.262434,0.635774572,0.631795423,0.21631,0.470525,0.484026,0.536807584,0.602291,0.677049221,0.37876125,0.436182,0.51444125,0.50574625,0.55904875,0.58785875,0.699616032,0.618382921
50,GesturePebbleZ2,0.894020323,0.843480764,0.663939,0.860086284,0.85130606,0.7445675,0.8046775,0.782703,0.835048697,0.814212,0.890580067,0.75152375,0.754678,0.8373475,0.81984625,0.83267,0.83882125,0.888866271,0.866240281,0.644600788,0.48942022,0.272594,0.559210668,0.538908377,0.1303325,0.34938375,0.344867,0.500219028,0.442253,0.607417153,0.1704625,0.254909,0.43442875,0.36974125,0.4254775,0.43689375,0.603955015,0.534812694,0.764271913,0.629673344,0.356248,0.644763601,0.62842759,0.21706125,0.45432125,0.438464,0.58799306,0.538913,0.673244283,0.2853925,0.367508,0.55370875,0.4743875,0.53711,0.5635675,0.678835184,0.655246043
51,GunPoint,0.50879397,0.477487437,0.554084,0.487848556,0.477948776,0.583975,0.5018725,0.503088,0.467487437,0.501319,0.516426577,0.499435,0.634046,0.4957025,0.4981175,0.49752125,0.50778375,0.529139447,0.504367698,0.019287303,-0.025050505,0.108206,0.016248143,-0.008855353,0.1686325,0.00448875,0.007176,-0.035050505,0.003346,0.033082514,-0.00086375,0.16523,-0.0046225,-0.003745,-0.0049875,0.01641375,0.058664612,0.028063485,0.02930055,0.0,0.149337,0.009862971,-0.010818416,0.19745625,0.02697375,0.032897,-0.04,0.019702,0.036827243,0.0041975,0.220472,0.0003075,0.00101,4.37e-05,0.02902375,0.066151522,0.024470754
52,GunPointAgeSpan,0.510618379,0.594258691,0.540355,0.604925761,0.595736671,0.508675,0.49891,0.510724,0.582904772,0.514333,0.52995538,0.50309625,0.5451,0.4989425,0.49899625,0.49891,0.49891,0.56315595,0.623826601,0.022421717,0.208862941,0.078639,0.256787468,0.228587184,0.0175425,-0.00173,0.021846,0.20294932,0.029025,0.060401278,0.0065375,0.064539,-4.25e-05,-0.001565,-0.00173,-0.00173,0.126878049,0.268699031,0.049525316,0.331355154,0.093655,0.33074937,0.321452874,0.01476375,0.0,0.034148,0.290089297,0.039632,0.111032164,0.00628375,0.096136,0.00585875,0.00012875,0.0,0.0,0.172328708,0.348348858
53,GunPointMaleVersusFemale,0.541167775,0.482968601,0.589091,0.494211393,0.483332026,0.56831375,0.61705,0.617267,0.473383134,0.607536,0.754218609,0.59086375,0.564206,0.50063375,0.60709125,0.5018725,0.61705,0.712902193,0.509982806,0.082131838,-0.012730211,0.120901,0.026805974,0.002026743,0.13658625,0.23403,0.234471,-0.024603385,0.215016,0.508387471,0.1816725,0.1253,0.00088625,0.21411875,0.00448875,0.23403,0.425710518,0.038133013,0.185883579,0.016400747,0.161145,0.026331884,0.00530673,0.188095,0.34148,0.341724,-0.024581971,0.30848,0.523043128,0.26177625,0.18143,0.0102125,0.307365,0.02697375,0.34148,0.465639002,0.038709246
54,GunPointOldVersusYoung,0.530347376,0.532903401,0.58484,0.545019478,0.537878901,0.76840125,0.61922,0.608187,0.519745442,0.662545,0.513213435,0.74625875,0.603675,0.50025,0.61815,0.5018725,0.61922,0.50528948,0.567682177,0.060721479,0.09112925,0.113189,0.137208278,0.114684579,0.5368,0.23844,0.216375,0.090763315,0.32509,0.026432281,0.492515,0.175719,0.00055,0.23630125,0.00448875,0.23844,0.01058243,0.150558185,0.118831057,0.151451058,0.149342,0.170629204,0.169773596,0.55208375,0.34392,0.311089,0.103612093,0.398863,0.031156235,0.54191,0.252134,0.005775,0.34037125,0.02697375,0.34392,0.022316802,0.199534887
55,Ham,0.499232153,0.489922383,0.557546,0.499736723,0.490375341,0.50216125,0.5171725,0.522094,0.480590084,0.521874,0.517957868,0.50099125,0.555693,0.52636625,0.52016,0.5111775,0.5266375,0.51658001,0.51832201,0.00162748,0.000684598,0.095104,0.04429274,0.013249776,0.0048925,0.03459875,0.040022,-0.009606852,0.039188,0.036142329,0.0021025,0.102135,0.0527675,0.04034125,0.02241625,0.0534775,0.033485129,0.052913326,0.018463659,0.015582811,0.082721,0.030083228,0.007171341,0.01079125,0.03576125,0.045418,-0.024128538,0.035994,0.031522699,0.0056925,0.133927,0.0450575,0.03247375,0.0211575,0.04477,0.033068004,0.039728391
56,HandOutlines,0.544887045,0.569316087,0.607086,0.579693901,0.569648747,0.54417125,0.55269375,0.566157,0.559316087,0.568349,0.580441558,0.54641125,0.576689,0.6862325,0.6058375,0.5628675,0.52730625,0.574801789,0.596205742,0.01837291,0.112004683,0.089316,0.153297868,0.128092391,0.01772125,0.0684625,0.066416,0.102004683,0.06943,0.113161509,0.02363875,0.047993,0.36824625,0.19364125,0.06971125,0.0448775,0.104138583,0.165022623,0.033469807,0.150554714,0.096825,0.160447253,0.139733761,0.0165675,0.0371325,0.041699,0.110554714,0.050533,0.115813853,0.02419875,0.05045,0.26544625,0.14447625,0.0697075,0.021355,0.099512705,0.174946919
57,Haptics,0.53834862,0.655221322,0.709682,0.668783332,0.654489071,0.63700875,0.6775225,0.664171,0.647758948,0.636152,0.656752655,0.63103625,0.633596,0.62300625,0.672985,0.6802475,0.624905,0.647478332,0.676982325,0.043395118,0.045295201,0.22228,0.087203839,0.06095443,0.03794375,0.05132125,0.045025,0.03532299,0.053031,0.054625002,0.060805,0.141771,0.06345875,0.05462,0.04882125,0.03172125,0.051050586,0.097304638,0.077321095,0.092719781,0.257601,0.102413542,0.083687449,0.06533375,0.08159625,0.072762,0.054066561,0.076128,0.0800367,0.09081625,0.147772,0.09564375,0.08273375,0.081005,0.06301625,0.077165241,0.118122096
58,Herring,0.502091535,0.478480824,0.739582,0.489304561,0.481225521,0.4978475,0.52227125,0.540118,0.468375617,0.530016,0.512070757,0.50006125,0.6113,0.49461375,0.5081825,0.5210725,0.5001225,0.507074311,0.506145679,0.003918673,-0.021984382,0.475913,0.025520035,-0.007996714,-0.0043525,0.04231875,0.078478,-0.03224862,0.058607,0.018202484,0.00029125,0.126218,0.009115,0.01609875,0.03948375,0.0004775,0.009219706,0.029471811,0.00549656,0.006973097,0.512794,0.015924472,-0.004369684,0.00224,0.025215,0.066304,-0.033098959,0.056849,0.009033846,0.0050425,0.144776,0.01228125,0.014615,0.02272375,0.00563625,0.005307331,0.031812299
59,HouseTwenty,0.518509673,0.524579916,0.808945,0.535203037,0.525544479,0.51424875,0.72361,0.731088,0.514653971,0.6424,0.735353696,0.51542375,0.62327,0.5445825,0.52254875,0.79723,0.523305,0.722215588,0.551544193,0.035237627,0.069719822,0.486005,0.111193441,0.086136608,0.027585,0.446915,0.431803,0.059826744,0.254131,0.470674841,0.03010375,0.17213,0.082285,0.04504,0.5944425,0.045185,0.444328755,0.123527234,0.023525955,0.069483932,0.541015,0.078517289,0.05714687,0.02732125,0.41533125,0.429562,0.028924575,0.233687,0.399676354,0.03184375,0.181482,0.0793175,0.04046125,0.5293125,0.03882625,0.37148715,0.093106046
60,InlineSkate,0.643745407,0.711215759,0.750003,0.729056244,0.716874608,0.70636,0.692,0.722685,0.698213469,0.752445,0.75432289,0.6981275,0.784772,0.74113875,0.72614375,0.6943925,0.73897375,0.751075027,0.734777183,0.029933543,-0.003110926,0.183585,0.038936275,0.013347243,0.04184375,0.0196975,0.116804,-0.013186392,0.135348,0.034465172,0.03808125,0.446122,0.01319,0.0194975,0.0203425,0.02826625,0.02611725,0.05018787,0.101593892,0.051765806,0.285847,0.061613339,0.041201097,0.09393625,0.053535,0.153139,0.011978525,0.174408,0.090162167,0.09074625,0.461278,0.0464025,0.06040875,0.0586725,0.06463625,0.082500029,0.075774981
61,InsectEPGRegularTrain,0.532579608,0.573632449,0.654079,0.584058529,0.57302772,0.91673,1.0,1.0,0.565840771,0.866476,0.652859892,1.0,0.89597,1.0,1.0,1.0,1.0,0.651019085,0.599321708,0.087691078,0.116663084,0.326384,0.138980184,0.153827253,0.831605,1.0,1.0,0.091859656,0.729907,0.274122729,1.0,0.634628,1.0,1.0,1.0,1.0,0.265783156,0.16463937,0.105592069,0.144169453,0.359688,0.158711681,0.116533122,0.88021125,1.0,1.0,0.071001981,0.808044,0.305789751,1.0,0.6576,1.0,1.0,1.0,1.0,0.30118805,0.156244701
62,InsectEPGSmallTrain,0.72038587,0.575745709,0.682903,0.583117985,0.570067555,0.86259,1.0,0.978887,0.57980216,0.978887,0.650582431,1.0,0.948156,1.0,1.0,1.0,1.0,0.661278195,0.607129195,0.441316156,0.123955504,0.324788,0.152435934,0.126136955,0.7224875,1.0,0.906221,0.127463586,0.906221,0.26252553,1.0,0.731642,1.0,1.0,1.0,1.0,0.271411948,0.176221061,0.44557114,0.171422603,0.368761,0.155698292,0.124406814,0.80214875,1.0,0.916077,0.125039226,0.916077,0.321896305,1.0,0.789937,1.0,1.0,1.0,1.0,0.31545008,0.169283922
63,InsectWingbeatSound,0.862078631,0.867599323,0.688905,0.876993143,0.868725261,0.85351875,0.83378125,0.78733,0.857392731,0.835692,0.859398992,0.83058125,0.763043,0.89633125,0.88702875,0.82697875,0.83012,0.859631806,0.894636148,0.274520936,0.320285686,0.187592,0.365906435,0.3329867,0.2472975,0.17154375,0.12027,0.311088262,0.247872,0.201908102,0.23481,0.367638,0.38805875,0.336765,0.105245,0.1270475,0.207256321,0.376101708,0.471151916,0.521357804,0.287665,0.527659586,0.513780873,0.39675375,0.31757625,0.246519,0.481006787,0.406171,0.400742837,0.3979925,0.421488,0.5657125,0.512275,0.21466375,0.2580775,0.408861921,0.542172303
64,ItalyPowerDemand,0.501249875,0.481469853,0.715546,0.491862789,0.481855155,0.49974875,0.50034625,0.5147,0.471469853,0.505778,0.598369237,0.4995925,0.631312,0.51113625,0.50016625,0.50180625,0.4997725,0.60459579,0.508321353,0.002937862,-0.0167055,0.330018,0.024567855,-0.0006141,-0.00015625,0.00106,0.038738,-0.0267055,0.02089,0.196875848,-0.00048625,0.088107,0.02253625,0.0006925,0.0038925,-0.0001025,0.209365365,0.036200487,0.00566765,0.005609185,0.411724,0.015562938,-0.005127638,0.000625,0.0024325,0.059732,-0.034390815,0.034281,0.214175529,0.00011,0.170016,0.0271925,0.00180375,0.005155,0.00067,0.268271712,0.030106032
65,LargeKitchenAppliances,0.336875834,0.509767506,0.724574,0.544140032,0.514445697,0.3726675,0.5641175,0.559403,0.496604601,0.499347,0.567392375,0.3645775,0.562744,0.5112725,0.54653875,0.43215125,0.53009625,0.591127726,0.543393909,-2.85e-05,0.003784611,0.467476,0.045860245,0.019480963,0.00213125,0.13995,0.129388,-0.007828038,0.06507,0.131196848,0.001085,0.093153,0.0254875,0.01576,0.0461375,0.09339875,0.162568549,0.061198338,0.001894819,0.029137732,0.513719,0.041422868,0.019743877,0.02028375,0.1986275,0.203006,-0.008497802,0.113144,0.171215353,0.0149775,0.141474,0.03032875,0.0212675,0.133305,0.13262,0.203964131,0.055721372
66,Lightning2,0.565564738,0.478040548,0.662897,0.488780826,0.478557703,0.53385125,0.5049925,0.536777,0.46787697,0.543692,0.544811754,0.52458625,0.63919,0.49748375,0.52217625,0.52793,0.52772125,0.544318182,0.504878575,0.127525401,-0.02699159,0.228801,0.016230791,-0.009497677,0.05879125,0.0025525,0.03994,-0.035019392,0.055339,0.086044184,0.04466375,0.20944,-0.005135,0.04055125,0.04792375,0.0500875,0.085115764,0.026080471,0.218063975,0.000261004,0.34703,0.010451205,-0.010434748,0.05246,0.03365875,0.085475,-0.039849448,0.10598,0.151262522,0.02948625,0.281903,0.0048225,0.03436875,0.16664125,0.0960875,0.148431423,0.024861617
67,Lightning7,0.837289471,0.790977655,0.792482,0.80380845,0.792231033,0.7795,0.83263625,0.831913,0.780217239,0.832867,0.813771518,0.79336125,0.693621,0.82385875,0.80141375,0.817505,0.754605,0.815497882,0.820117802,0.463934402,0.245146504,0.309588,0.292303236,0.265768776,0.21793375,0.42924625,0.426907,0.240521588,0.371398,0.278282582,0.2784075,0.250836,0.31832125,0.25324375,0.328565,0.22427,0.290421258,0.305839316,0.60330249,0.423749913,0.486191,0.426002091,0.417876273,0.38926875,0.5781475,0.579278,0.383947188,0.528515,0.461985131,0.4680275,0.343793,0.49819,0.412615,0.513065,0.3908025,0.475952173,0.456595216
68,Mallat,0.928947131,0.918659924,0.851901,0.911065589,0.927757366,0.785565,0.906905,0.896805,0.903367438,0.945816,0.966196023,0.77828875,0.816316,0.95974125,0.95845875,0.8732275,0.75947125,0.970692216,0.941328336,0.725390464,0.745114138,0.589339,0.795332138,0.804384265,0.07933,0.618035,0.606274,0.721117975,0.811495,0.849126356,0.05139875,0.451954,0.82868625,0.821355,0.48898125,0.313235,0.866960527,0.749644791,0.88190817,0.884531387,0.664034,0.879099355,0.871466764,0.14974375,0.7628425,0.747667,0.837855018,0.869346,0.903191832,0.1098325,0.555155,0.925225,0.91395,0.66762875,0.4653525,0.90595747,0.931209675
69,Meat,0.770448179,0.70958944,0.662996,0.718693699,0.706521929,0.7178425,0.68279,0.68347,0.700046734,0.714843,0.76075319,0.7185075,0.779174,0.72512375,0.730635,0.68277,0.60068125,0.780269608,0.735364721,0.555108223,0.403761735,0.271655,0.447859319,0.416084264,0.42771375,0.3076375,0.285349,0.39236468,0.368931,0.477242537,0.42950125,0.389735,0.4356175,0.4205025,0.3227125,0.18009375,0.515451567,0.45601778,0.717564755,0.531838777,0.3019,0.533929864,0.493959814,0.5964725,0.3759925,0.371957,0.45781024,0.489041,0.552196191,0.6007875,0.519377,0.5736525,0.5064425,0.41094375,0.22206875,0.584908521,0.563429797
70,MedicalImages,0.63290896,0.648217274,0.676814,0.657293345,0.651179201,0.6751,0.67302125,0.693474,0.63895643,0.690743,0.680165649,0.6789225,0.72622,0.66836625,0.66395125,0.68512875,0.67771375,0.68050379,0.675628734,0.059067642,0.027300344,0.171939,0.064075164,0.04139273,0.07777375,0.0680625,0.109304,0.010878097,0.100562,0.073788726,0.08657125,0.262307,0.05006625,0.04453,0.09856125,0.08414,0.07778696,0.073795693,0.212611347,0.247001767,0.271334,0.259413378,0.233903189,0.27254,0.2709475,0.319106,0.207685054,0.309414,0.251893648,0.2722825,0.394943,0.27655125,0.23692,0.28773,0.26062375,0.257514455,0.273751065
71,MelbournePedestrian,0.77328388,0.837181489,0.825031,0.850131493,0.838997696,0.82773125,0.87277,0.856117,0.827729218,0.867403,0.845224575,0.82359125,0.744386,0.200155,0.8631525,0.85979125,0.71228875,0.839969273,0.865268319,0.19726421,0.278685798,0.441546,0.306221222,0.284586094,0.159135,0.45733625,0.451185,0.261504044,0.466348,0.281285317,0.16052125,0.313506,0.05582125,0.4547725,0.42619125,0.16467375,0.253067645,0.32341221,0.338456451,0.415646158,0.508099,0.427216619,0.401452923,0.35610125,0.68289125,0.653474,0.373598994,0.647121,0.400708242,0.356185,0.420348,0.08985875,0.68169875,0.66406625,0.3520175,0.378400871,0.445474078
72,MiddlePhalanxOutlineAgeGroup,0.666949556,0.6389504,0.739953,0.688114168,0.659098062,0.7362175,0.73284,0.709653,0.668301115,0.70931,0.734638543,0.733425,0.76256,0.73422875,0.733245,0.73321875,0.7019725,0.734319204,0.695525019,0.338044976,0.354392435,0.348037,0.362546301,0.348015832,0.42949625,0.4255625,0.382459,0.365888624,0.380964,0.428679107,0.425245,0.33328,0.42886625,0.4255225,0.42572625,0.3631975,0.430075862,0.3779326,0.281154461,0.398283036,0.381671,0.407732367,0.385910035,0.3953925,0.39469375,0.353368,0.360223236,0.35312,0.398134559,0.37663,0.404971,0.40299125,0.39523375,0.3867325,0.29520625,0.392878373,0.423903336
73,MiddlePhalanxOutlineCorrect,0.531928524,0.479883872,0.67484,0.490246699,0.480328996,0.4997175,0.50005125,0.535354,0.469902284,0.535551,0.499526826,0.49981125,0.677722,0.5003625,0.500215,0.50029625,0.50145875,0.499474773,0.506846929,0.04078246,-0.023479044,0.262848,0.017726747,-0.007345889,-0.00332,-0.00275875,0.056065,-0.033524819,0.056791,-0.005341571,-0.00135125,0.263072,-0.00198375,-0.0024475,-0.0018725,0.00223,-0.004963737,0.029464362,0.015039772,0.000700711,0.26497,0.010656247,-0.010097943,0.001155,0.00067,0.043512,-0.039299567,0.042953,0.005457398,0.0001975,0.238918,0.000345,0.00033125,0.000165,0.00143875,0.003289301,0.025274705
74,MiddlePhalanxTW,0.818755405,0.764442559,0.84664,0.762762621,0.753249989,0.775935,0.8500925,0.837602,0.737254478,0.803428,0.779738973,0.7841425,0.649598,0.8323475,0.78408,0.50625625,0.81817125,0.779216461,0.778232859,0.540779091,0.367671836,0.4847,0.365696962,0.391446568,0.332565,0.57954375,0.543378,0.321085269,0.421015,0.33010131,0.33284875,0.16276,0.51791875,0.3470175,0.01254125,0.47305,0.325877611,0.466819093,0.472364674,0.426789631,0.526859,0.42961863,0.421577682,0.41593125,0.42819,0.410284,0.39879286,0.399462,0.411291304,0.39290375,0.159064,0.42285375,0.41326625,0.01033125,0.4061875,0.409874805,0.443982485
75,MixedShapesRegularTrain,0.743311937,0.771490723,0.903592,0.78814908,0.779370892,0.5969175,0.6806975,0.682961,0.758316267,0.779531,0.840644943,0.73679375,0.751029,0.8128725,0.77164625,0.708265,0.7131525,0.776756375,0.800550749,0.370747348,0.390722301,0.458436,0.440835153,0.402680353,0.1175425,0.10886875,0.125536,0.394583983,0.358006,0.543645662,0.316825,0.322253,0.46774875,0.3202075,0.16507,0.2124175,0.359583495,0.452399586,0.434597048,0.473858675,0.644093,0.471799207,0.462953349,0.1680675,0.16461375,0.16963,0.427411819,0.389222,0.589998591,0.35203125,0.317897,0.5183525,0.3653425,0.22769625,0.27597625,0.435748659,0.485191685
76,MixedShapesSmallTrain,0.747997364,0.780672527,0.841903,0.783701457,0.777715501,0.65058875,0.7037175,0.700218,0.765584092,0.782106,0.849922992,0.7660375,0.74716,0.824015,0.78872875,0.7147425,0.73039625,0.791760093,0.797230105,0.353393041,0.369115196,0.408572,0.416586207,0.389444896,0.10176375,0.16442875,0.178987,0.359308532,0.397178,0.570729927,0.37359,0.303009,0.4847675,0.37904875,0.16731625,0.2020175,0.395041411,0.423688115,0.449883879,0.450588917,0.518227,0.450478448,0.444447736,0.13665125,0.214665,0.22145,0.399180614,0.415131,0.595017792,0.4042675,0.330253,0.52520125,0.42577375,0.23302125,0.2672325,0.458747716,0.483418846
77,MoteStrain,0.512477176,0.575805494,0.778618,0.585586991,0.575110445,0.82783125,0.815635,0.836817,0.565591093,0.777823,0.608841484,0.7906325,0.84856,0.7601375,0.685745,0.8375,0.73926,0.506061531,0.602576346,0.023299141,0.170176617,0.384059,0.210047814,0.186576433,0.6556425,0.631265,0.602997,0.160561542,0.484983,0.216737945,0.58115625,0.315853,0.52026125,0.37145375,0.67499375,0.47835625,0.009947834,0.221769182,0.016749516,0.140578277,0.438535,0.150277674,0.129607073,0.54852375,0.52695625,0.54592,0.103532894,0.452726,0.168578758,0.497145,0.44442,0.4352975,0.288115,0.58003875,0.4004425,0.006108456,0.166070633
78,NonInvasiveFetalECGThorax1,0.898271314,0.94199161,0.62514,0.952534532,0.943108365,0.95532625,0.9576,0.957453,0.932869483,0.967554,0.977705661,0.9609325,0.870003,0.96982875,0.974225,0.95540375,0.96323125,0.978722905,0.969149141,0.182205613,0.254550611,0.111721,0.295920523,0.275821784,0.20995875,0.15758,0.174714,0.246352118,0.361578,0.541632718,0.28961,0.287161,0.41077,0.50731,0.13099625,0.28807125,0.560153382,0.312598306,0.613246552,0.616401736,0.194224,0.623104902,0.604359299,0.5466725,0.4835825,0.499093,0.571448264,0.653565,0.781796133,0.61070125,0.469032,0.70499375,0.76717125,0.465135,0.6119025,0.790995535,0.637443116
79,NonInvasiveFetalECGThorax2,0.937561691,0.946626553,0.759703,0.956749121,0.946334345,0.96443375,0.96521125,0.931896,0.936662502,0.943695,0.983318868,0.967435,0.818481,0.9744775,0.97369125,0.95330875,0.9643925,0.984136073,0.972694355,0.28862477,0.320293351,0.316969,0.35839663,0.330361615,0.3469525,0.33749,0.228148,0.308765879,0.432569,0.660161285,0.410575,0.184326,0.50638375,0.5136325,0.14130625,0.33027,0.67572785,0.377210173,0.677494065,0.658603056,0.493384,0.666503335,0.648337285,0.66977625,0.65476125,0.534608,0.617590807,0.681136,0.856510146,0.7074275,0.38797,0.77743875,0.76464,0.4630625,0.63402625,0.863793134,0.682716042
80,OliveOil,0.840677966,0.735458234,0.662366,0.749357743,0.732935692,0.725115,0.7305975,0.711816,0.724002716,0.73813,0.796030093,0.7314325,0.729759,0.746855,0.74261125,0.737045,0.74071,0.787739455,0.759086903,0.626486712,0.428127674,0.163715,0.459958424,0.44550124,0.08516375,0.11178125,0.103658,0.424532748,0.163671,0.306612288,0.10646125,0.172835,0.1546475,0.12349125,0.12303125,0.1263975,0.301805609,0.48976287,0.665796566,0.523160676,0.304741,0.524588622,0.517471348,0.13019625,0.2073,0.193434,0.466391808,0.253724,0.429742289,0.15523875,0.29528,0.2330925,0.17793,0.22824875,0.20166125,0.429245682,0.54246797
81,OSULeaf,0.706272252,0.735123266,0.712238,0.747260147,0.736867164,0.62973375,0.5895475,0.562446,0.727228193,0.656174,0.646516008,0.63086375,0.671102,0.63926625,0.85317875,0.58686375,0.63898375,0.661652542,0.764336934,0.267204835,0.151229392,0.130965,0.192990773,0.171017825,0.1678675,0.03601625,0.024321,0.140850819,0.248154,0.186363405,0.16043875,0.203178,0.13288875,0.65098,0.017285,0.17192375,0.217021247,0.204732954,0.402637602,0.244568514,0.243156,0.262061412,0.232962937,0.23786,0.08096875,0.08726,0.20558236,0.337199,0.312204739,0.2278025,0.252265,0.21869625,0.6663675,0.07851375,0.2924625,0.330975243,0.268568971
82,PhalangesOutlinesCorrect,0.539423809,0.483427917,0.774069,0.493801178,0.483804395,0.5119625,0.37659625,0.402788,0.473427917,0.417518,0.855333662,0.58674625,0.378269,0.4932275,0.32545375,0.342475,0.4494975,0.85034888,0.510273141,0.002901728,-0.026789773,0.164612,0.014527386,-0.010686568,0.0237825,0.0327725,0.028603,-0.036789773,0.034163,0.261883056,0.04045125,0.03303,0.03589375,0.0234825,0.02721125,0.041595,0.232952668,0.026264925,0.005747007,0.001064673,0.36614,0.010925987,-0.009682011,0.16043125,0.1893575,0.173143,-0.038935327,0.184725,0.419664449,0.23436375,0.192446,0.17096,0.16906625,0.1953975,0.21295625,0.393091686,0.025606959
83,Phoneme,0.912806995,0.871704777,0.794471,0.883751023,0.873120493,0.5056825,0.504665,0.545976,0.863757456,0.545443,0.503237957,0.50648625,0.547183,0.50511875,0.50625625,0.504925,0.5034875,0.522686358,0.89812993,0.062478853,-0.007159532,0.193102,0.033251001,0.008256849,0.01138375,0.00911625,0.009455,-0.017827301,0.008245,-0.000310126,0.01274125,0.011831,0.0102075,0.01254125,0.00949375,0.00355,0.01013984,0.046583645,0.199801744,0.162169196,0.468823,0.169768311,0.149896506,0.0091475,0.00824625,0.022164,0.119483007,0.022815,0.001217538,0.01386,0.027783,0.0093875,0.01033125,0.01146875,0.017675,0.001714834,0.186007221
84,PickupGestureWiimoteZ,0.831515152,0.847395641,0.862112,0.861194323,0.848936256,0.9110875,0.92747,0.921609,0.84475729,0.897664,0.931265763,0.92198125,0.921645,0.89807,0.92130125,0.929405,0.91656625,0.931129677,0.872115338,0.269818529,0.243262569,0.145428,0.291429822,0.269168827,0.01198625,0.03123125,0.060641,0.233433117,0.081925,0.053419419,0.016345,0.05869,0.024865,0.0093575,0.0433175,0.03372625,0.048541351,0.294582591,0.544368302,0.523929298,0.495842,0.541775204,0.527738157,0.1391875,0.20808125,0.238792,0.485445466,0.280824,0.256897284,0.156175,0.240155,0.15814375,0.1416425,0.24002625,0.19687625,0.249373773,0.55200813
85,PigAirwayPressure,0.949212631,0.944018683,0.948257,0.953077432,0.944652556,0.65987375,0.86219875,0.870399,0.933958239,0.889368,0.881189675,0.8861375,0.872485,0.89568,0.86664,0.85391375,0.74025125,0.882878788,0.971178053,0.039266622,0.00594171,0.266789,0.053337986,0.030105655,0.14258875,0.315725,0.297706,0.0046278,0.366679,0.322826559,0.3952975,0.307748,0.4120575,0.35138875,0.31633125,0.21507375,0.328182346,0.058414193,0.550138891,0.560571091,0.636019,0.5711237,0.548789337,0.4606125,0.594845,0.604494,0.518474643,0.650651,0.588484096,0.63574625,0.611538,0.65994625,0.61713625,0.60046125,0.46974,0.591969558,0.591872397
86,PigArtPressure,0.958075686,0.94668206,0.913665,0.956677046,0.946809889,0.95590875,0.963005,0.963505,0.935995363,0.966322,0.960354431,0.96532375,0.964433,0.966355,0.9653575,0.96391875,0.96278875,0.959157804,0.97332206,0.258419616,0.082443661,0.441427,0.122721505,0.100072132,0.05333375,0.0723775,0.078574,0.074979657,0.112784,0.062735085,0.06474375,0.083384,0.06690875,0.0556475,0.09410625,0.09300125,0.067737249,0.134015004,0.73236766,0.627893885,0.723766,0.639288997,0.61462074,0.5627,0.58894125,0.597807,0.589895576,0.629243,0.579568918,0.58697,0.60353,0.592905,0.580665,0.608535,0.60752625,0.583715357,0.651991308
87,PigCVP,0.952572347,0.943212085,0.837734,0.954124534,0.94342738,0.96668625,0.9693175,0.968891,0.932736579,0.970741,0.986957338,0.96798,0.968826,0.5030325,0.9687225,0.96948375,0.96851875,0.98723617,0.970353547,0.223796203,-0.008720494,0.364641,0.034956733,0.007627142,0.05942,0.14197125,0.141559,-0.018263704,0.233308,0.640314234,0.09542875,0.136756,0.00739125,0.13672875,0.1409425,0.1418675,0.647585912,0.045269568,0.713543173,0.548190522,0.57517,0.558297851,0.539919927,0.59683,0.66391625,0.66217,0.508570928,0.723646,0.898895228,0.626275,0.658871,0.36090875,0.64866625,0.65988875,0.65845875,0.899827346,0.570017822
88,PLAID,0.466521231,0.834634306,0.837293,0.845562916,0.835978227,0.95540875,0.9636375,0.963848,0.823927076,0.965082,0.970284717,0.9637125,0.967561,0.96141875,0.96064,0.9629625,0.9652,0.969899105,0.863921534,0.046612415,0.264590301,0.443664,0.296658121,0.276870633,0.051385,0.1101175,0.179183,0.245562895,0.238486,0.233443402,0.0691225,0.190453,0.0483225,0.07273875,0.120565,0.14900875,0.217371231,0.308277666,0.228524784,0.387750543,0.576844,0.395802888,0.374962264,0.56295625,0.62822,0.657581,0.344662416,0.701469,0.708424596,0.5931025,0.660443,0.575745,0.58738375,0.6328825,0.6610975,0.697947003,0.410698782
89,Plane,0.918022329,0.904067266,0.724245,0.926955607,0.9249411,0.92540875,0.956665,0.908162,0.904191405,0.908147,0.995878585,0.91339125,0.93672,0.95258125,0.95005625,0.9855325,0.9364775,0.996012759,0.949059613,0.716419622,0.754309661,0.276327,0.808729697,0.756312459,0.73035375,0.8391875,0.741415,0.732184158,0.741358,0.982764449,0.6734175,0.798903,0.8203975,0.80965875,0.939605,0.7596825,0.983324233,0.805008409,0.865371322,0.880870706,0.408726,0.875365623,0.845736318,0.8495625,0.92522375,0.835416,0.858918196,0.835414,0.985508244,0.80077375,0.883948,0.91988875,0.9016525,0.9507675,0.86178,0.985541079,0.919449783
90,PowerCons,0.498746518,0.516041344,0.703172,0.527379311,0.517075601,0.8903625,0.70032875,0.71541,0.506205,0.724243,0.603404519,0.686915,0.64687,0.77637875,0.8433125,0.74008,0.69077,0.647553002,0.54256085,6.54e-05,0.05350915,0.346414,0.09491083,0.067505055,0.78072375,0.40083125,0.42823,0.043322663,0.445755,0.2069443,0.37397625,0.287921,0.55277125,0.68663875,0.4801975,0.381645,0.295238646,0.105504635,0.00476607,0.069401434,0.434247,0.078611065,0.059867462,0.69210375,0.38761,0.389148,0.03066016,0.416703,0.182089565,0.3601925,0.292096,0.463375,0.61680125,0.405565,0.33179875,0.256181518,0.094392449
91,ProximalPhalanxOutlineAgeGroup,0.770724098,0.754373623,0.625014,0.761063504,0.760904465,0.77753625,0.795525,0.767111,0.754715783,0.739458,0.809573155,0.7932975,0.743051,0.78638625,0.77933875,0.7986625,0.7894,0.785937414,0.766090905,0.528482069,0.495127509,0.232153,0.551826127,0.505312024,0.52497625,0.56249125,0.508324,0.478010035,0.448886,0.592945421,0.55775375,0.466988,0.5439375,0.52932,0.5690775,0.55032625,0.542965699,0.540983098,0.496076402,0.510104683,0.265065,0.525849176,0.491936135,0.46251,0.543135,0.498291,0.474306963,0.425073,0.558344993,0.50337875,0.452661,0.51035375,0.4746025,0.5408025,0.4850275,0.496892126,0.546875047
92,ProximalPhalanxOutlineCorrect,0.500498115,0.515454419,0.718055,0.525861331,0.515875008,0.53180375,0.53508375,0.569438,0.505454419,0.566961,0.523425684,0.53115,0.56571,0.53319625,0.53441,0.53607625,0.53122125,0.531390686,0.54243795,-0.020914951,0.049519258,0.245818,0.090853913,0.065638947,0.06223875,0.0686975,0.131072,0.039519258,0.126459,0.046343853,0.06079875,0.137316,0.06506,0.06740375,0.07038,0.05996125,0.061494058,0.102561242,0.045576916,0.089200311,0.369207,0.099075475,0.078453483,0.08069,0.08921875,0.145306,0.049200311,0.136366,0.054126276,0.08038875,0.160308,0.0835875,0.08717,0.094415,0.088355,0.07903588,0.113671729
93,ProximalPhalanxTW,0.820792513,0.763545945,0.637776,0.803900364,0.753536617,0.7797,0.87139875,0.838462,0.762300108,0.762134,0.784092581,0.806375,0.759362,0.7895825,0.79092125,0.77093625,0.787605,0.781864704,0.783863552,0.558061798,0.41565312,0.227879,0.468027756,0.376270632,0.4001775,0.67911,0.618107,0.424603024,0.390266,0.408738161,0.47504625,0.485589,0.4244175,0.42865,0.47789625,0.42326375,0.402489714,0.474615861,0.504852633,0.543740522,0.272231,0.547850658,0.522840438,0.49906875,0.6131225,0.563487,0.486323515,0.46309,0.543138542,0.55498125,0.441955,0.52115125,0.51663,0.51581125,0.51086375,0.537571473,0.539787048
94,RefrigerationDevices,0.505463284,0.467819302,0.544072,0.466308189,0.471107176,0.54548125,0.4557875,0.478762,0.455743852,0.491876,0.560101666,0.55164875,0.507177,0.422865,0.53261875,0.3904575,0.59347375,0.557492657,0.47568225,0.003427444,-0.017473507,0.059078,0.024244404,-0.002249031,0.00567,0.0124275,0.039576,-0.026129805,0.046635,0.01748303,0.01081625,0.04219,0.002565,0.0014875,0.0032775,0.11245125,0.018140077,0.037313999,0.011190993,0.00498796,0.092049,0.015186319,-0.003963111,0.00710375,0.0213225,0.060957,-0.033263374,0.064846,0.019994282,0.01262875,0.061954,0.0110175,0.00445,0.016065,0.11686625,0.020067247,0.031089103
95,Rock,0.652173913,0.63802519,0.564632,0.642281218,0.634302785,0.66858,0.6749475,0.665655,0.626818955,0.648304,0.667126754,0.69994875,0.673651,0.70564375,0.6714275,0.66734125,0.66878875,0.668012422,0.651859633,0.14378835,0.101995145,0.090294,0.183799409,0.13489998,0.145145,0.23246625,0.210412,0.101843409,0.143919,0.171446745,0.21482625,0.208535,0.268225,0.18772125,0.1774325,0.1487825,0.172093113,0.204353168,0.252269735,0.265063382,0.133029,0.274841457,0.270553469,0.249725,0.31459375,0.286016,0.186072467,0.239596,0.322482066,0.34246,0.30838,0.373675,0.2824375,0.27231375,0.2642525,0.322888836,0.30236854
96,ScreenType,0.365354695,0.540934705,0.53969,0.55132713,0.541113435,0.545045,0.55476125,0.562871,0.530956632,0.503532,0.557644266,0.55373875,0.579766,0.5621475,0.55874,0.5676225,0.54634125,0.557107699,0.567737312,0.000542421,0.000540507,0.051945,0.042844954,0.017118332,0.02269875,0.03756125,0.048949,-0.008285755,0.029017,0.023310984,0.02030875,0.039807,0.01864125,0.01372125,0.0398275,0.02061375,0.024461935,0.053761724,0.016551288,0.022137711,0.100894,0.032024723,0.010996986,0.0218375,0.03636625,0.052455,-0.017967156,0.039799,0.023935534,0.02121375,0.048235,0.01882,0.01626375,0.03865125,0.0218075,0.025688744,0.04667314
97,SemgHandGenderCh2,0.516064763,0.529659233,0.631979,0.540071048,0.530111771,0.50249625,0.5069975,0.521762,0.519549006,0.523288,0.528030322,0.5004675,0.608838,0.52059625,0.50905625,0.5067875,0.50531875,0.52488722,0.555740366,0.016470718,0.077836827,0.113485,0.118857573,0.094437129,-0.00443375,-0.00221375,0.009123,0.068610349,0.0117,0.055036138,0.00031875,0.101949,0.0086925,-0.0018525,-0.0026125,-0.00495875,0.048776746,0.130580876,0.004474956,0.064202237,0.216169,0.073463193,0.053599121,0.0023875,8e-05,0.022026,0.023865803,0.022509,0.056356737,0.00272375,0.180431,0.01907625,0.00518125,9.75e-05,0.0005675,0.050580559,0.088503399
98,SemgHandMovementCh2,0.643895687,0.705125328,0.700245,0.718714109,0.710045253,0.731905,0.66189125,0.683658,0.6975099,0.656693,0.735744792,0.7464475,0.692216,0.2536625,0.63235625,0.67516875,0.72374125,0.7346011,0.73424593,0.102595845,0.076121842,0.239781,0.130216802,0.101795826,0.12488375,0.1147775,0.120976,0.0781452,0.110987,0.077614908,0.1209075,0.193922,0.01511375,0.1062975,0.1257575,0.13764125,0.073204223,0.137046808,0.230215478,0.193480301,0.406754,0.207039194,0.180182002,0.23884,0.22820625,0.228519,0.155349158,0.221315,0.149274575,0.237415,0.272118,0.04471375,0.20212125,0.23804625,0.2447525,0.140792794,0.2156393
99,SemgHandSubjectCh2,0.646718576,0.711593379,0.667335,0.731493793,0.723912865,0.6903,0.61613125,0.660807,0.71212712,0.615646,0.720847032,0.6961575,0.737897,0.21210125,0.60588,0.6289325,0.6733,0.721239958,0.747825138,0.134929596,0.201866302,0.190265,0.282175643,0.232350092,0.08880875,0.06361625,0.101335,0.203219735,0.096907,0.153280628,0.0803675,0.16065,0.0003025,0.0590575,0.06323375,0.06371875,0.15493368,0.25755017,0.259169344,0.302330693,0.280513,0.329266654,0.307788887,0.146995,0.1271025,0.177253,0.292635465,0.183245,0.212707855,0.1299875,0.333277,0.019905,0.10907125,0.124125,0.10663625,0.208878589,0.345328307
100,ShakeGestureWiimoteZ,0.908282828,0.849899131,0.798495,0.855283443,0.843690737,0.80570625,0.8746975,0.866013,0.836937057,0.882822,0.898383838,0.9036875,0.818216,0.9036125,0.8186375,0.89113625,0.859445,0.898989899,0.88620931,0.525735992,0.271813965,0.32647,0.34325265,0.314157626,0.28110875,0.42485,0.430668,0.257624081,0.489341,0.419798577,0.51678625,0.422004,0.45669125,0.21299625,0.4822475,0.3217025,0.41748106,0.283474822,0.729968121,0.532589738,0.473149,0.532967568,0.545019324,0.5661075,0.680655,0.653924,0.522997892,0.698521,0.644248668,0.73819125,0.573922,0.66895875,0.45877875,0.71946125,0.5728475,0.644616912,0.563964086
101,ShapeletSim,0.501557789,0.479499584,0.673956,0.490270392,0.479824029,0.49866875,0.88761375,0.870347,0.46890157,0.740911,0.998888889,0.4986625,0.906054,0.5895675,0.49973625,0.9730025,0.79801625,0.9975,0.506504825,0.00562205,-0.021802888,0.239662,0.023000358,-0.004521752,-0.0025775,0.77529125,0.670224,-0.02756685,0.411338,0.997777723,-0.00266875,0.652585,0.1795,-0.00028875,0.94600375,0.59603625,0.994999876,0.030778223,0.014965728,-0.000151634,0.337061,0.011315495,-0.00642385,0.00176125,0.75471125,0.708369,-0.037980183,0.427119,0.995507323,0.0016975,0.717388,0.17205375,0.00376125,0.911285,0.5081975,0.989891476,0.025529442
102,ShapesAll,0.915525438,0.955074899,0.754154,0.965679352,0.956075127,0.959815,0.96683125,0.927531,0.946001436,0.935074,0.975181015,0.96788625,0.849401,0.9750575,0.97061375,0.96412375,0.679565,0.974341465,0.98345659,0.163891802,0.299578984,0.41949,0.335156607,0.31352753,0.15131875,0.13642125,0.175231,0.294038772,0.286229,0.349021218,0.261145,0.238482,0.36634125,0.2938275,0.1640975,0.12100625,0.340728049,0.358936373,0.671118898,0.667116858,0.511262,0.674300936,0.658126487,0.52389125,0.503035,0.516396,0.630721006,0.604719,0.688762706,0.6323275,0.459874,0.7163,0.66038375,0.5457625,0.4044475,0.687188802,0.694225386
103,SmallKitchenAppliances,0.342565198,0.380705581,0.716953,0.395961775,0.383573969,0.3423075,0.467205,0.5427,0.360958332,0.564059,0.590711962,0.338145,0.623475,0.5758125,0.53110625,0.438075,0.51101375,0.606816199,0.392233042,0.000592528,-0.018969979,0.420743,0.021703793,-0.003172721,0.0002525,0.0720325,0.17453,-0.028962491,0.172734,0.156659073,5.38e-05,0.290513,0.07331875,0.0037175,0.046165,0.11980875,0.17124968,0.033817792,0.027571984,0.009764822,0.41192,0.023746959,-0.000497792,0.0128675,0.132935,0.224236,-0.026880872,0.201536,0.170176967,0.0089675,0.297367,0.085115,0.00587,0.0934375,0.13964,0.172885735,0.037715252
104,SmoothSubspace,0.613846154,0.693579113,0.751388,0.705530355,0.695852702,0.74095,0.8772325,0.885896,0.684824059,0.807409,0.744821008,0.73631,0.864179,0.77531125,0.728915,0.8458425,0.681425,0.713743032,0.722544396,0.142951694,0.344941448,0.374984,0.383026208,0.359497302,0.42169125,0.72644875,0.747088,0.330707653,0.589974,0.431312609,0.405925,0.709973,0.4953975,0.39041125,0.65587875,0.2882275,0.364755549,0.397382412,0.128169515,0.366710709,0.449608,0.378103376,0.352619707,0.44481625,0.72566875,0.735377,0.321680333,0.645288,0.422673501,0.4285725,0.698051,0.51028125,0.40931875,0.6493325,0.33177875,0.359852769,0.387122259
105,SonyAIBORobotSurface1,0.525749312,0.65818375,0.635141,0.667740583,0.657335344,0.862405,0.8953,0.868217,0.646646324,0.763485,0.753091037,0.852785,0.700615,0.8956925,0.7422775,0.88253875,0.70953375,0.832002234,0.683872135,0.049271293,0.334760118,0.242914,0.377184478,0.353267652,0.7248025,0.79059625,0.736318,0.324906679,0.526685,0.505593132,0.70557625,0.396004,0.7913825,0.48430125,0.76508375,0.418745,0.663829609,0.388816686,0.080101408,0.327915943,0.291838,0.337628017,0.318523481,0.64493125,0.71952125,0.659881,0.2886449,0.472172,0.472890827,0.6376025,0.353519,0.71892375,0.4531975,0.709525,0.38299875,0.629687805,0.354077622
106,SonyAIBORobotSurface2,0.560444852,0.662132955,0.75118,0.672547383,0.662592326,0.64672875,0.64874125,0.664958,0.652132955,0.671126,0.631218398,0.61282375,0.736412,0.6558625,0.65407125,0.6668725,0.62429,0.673069928,0.689057618,0.08811481,0.344002171,0.399173,0.38537486,0.360066636,0.29243,0.29649,0.327285,0.334002171,0.339724,0.258095096,0.22341,0.377037,0.3109275,0.3072075,0.33317875,0.24579875,0.343014948,0.396957132,0.084182469,0.284987641,0.48627,0.294863445,0.274162874,0.2118725,0.21607,0.259349,0.244987641,0.271706,0.211333979,0.1510075,0.407251,0.22932,0.22702,0.25169875,0.17369,0.277187622,0.309523472
107,StarLightCurves,0.795211764,0.748841962,0.759904,0.759190708,0.749176212,0.75992625,0.77392875,0.747985,0.738841962,0.733921,0.714475102,0.771205,0.732104,0.76760625,0.7030575,0.74592625,0.68881125,0.738838794,0.775724428,0.596974186,0.498592416,0.399868,0.539837191,0.514694053,0.50646125,0.5303525,0.479077,0.488592416,0.448594,0.42504264,0.528515,0.427174,0.5152625,0.38290125,0.4696625,0.37312625,0.485641479,0.551541738,0.68012145,0.590036117,0.514521,0.599956478,0.579194865,0.510805,0.58115875,0.531312,0.550036117,0.512748,0.504459461,0.55423,0.478673,0.60346625,0.4701825,0.55389875,0.46762875,0.547714295,0.614544229
108,Strawberry,0.522551398,0.479491353,0.779224,0.489877226,0.479884251,0.50881375,0.51744125,0.554163,0.469491353,0.551078,0.504809183,0.50224,0.708591,0.503455,0.50346625,0.51054625,0.50289875,0.507124684,0.506318541,-0.026411469,-0.061841143,0.435429,-0.020469174,-0.04577087,0.0085025,0.01488625,0.048655,-0.071841143,0.040308,-0.043659678,-0.019895,0.258822,0.01181625,-0.024185,0.00540375,-0.03926375,-0.043705025,-0.00883395,0.03995542,0.105663011,0.531173,0.115534104,0.09486355,0.055215,0.06609625,0.142242,0.065663011,0.154354,0.08253009,0.0795525,0.387145,0.10524125,0.14687625,0.093495,0.08143375,0.069188023,0.130094674
109,SwedishLeaf,0.706035587,0.89247592,0.755461,0.901274578,0.891488679,0.87895375,0.911435,0.91494,0.880993103,0.92899,0.93898124,0.87203,0.836647,0.894225,0.87585125,0.92802,0.87977375,0.938730526,0.916930698,0.130102832,0.331918788,0.422722,0.374273373,0.344496063,0.29375375,0.4158725,0.449948,0.3298657,0.527472,0.538906033,0.2509925,0.430927,0.34221875,0.29468,0.4936125,0.2548575,0.535711399,0.391664886,0.450082114,0.566179413,0.516589,0.577794243,0.560003844,0.5206025,0.64544875,0.656856,0.526712003,0.716078,0.723611199,0.47796125,0.57313,0.58705875,0.54219875,0.69823625,0.4978925,0.719478429,0.593640553
110,Symbols,0.86071889,0.878940142,0.669621,0.859642227,0.852096489,0.88906625,0.91220625,0.913238,0.885049058,0.913686,0.975775302,0.89905,0.81594,0.9029575,0.887345,0.9185975,0.89329125,0.981935385,0.910150969,0.597340607,0.605949362,0.292569,0.662148944,0.646624287,0.62865875,0.71396,0.718242,0.662719106,0.719203,0.912676876,0.6645375,0.520917,0.67996,0.6326025,0.73046875,0.65543625,0.934867076,0.679531445,0.74653219,0.792169499,0.363927,0.806269281,0.778485158,0.75378,0.828155,0.835805,0.762744645,0.842375,0.920969786,0.78392375,0.634034,0.80436375,0.76191625,0.84572125,0.78683375,0.934317592,0.804263596
111,SyntheticControl,0.637045075,0.842301669,0.702537,0.851745032,0.842488779,0.89955375,0.89696125,0.847501,0.828636017,0.866506,0.985774439,0.919605,0.711637,0.8925575,0.8594175,0.8749125,0.8795425,0.94433222,0.86616866,0.244697382,0.53009996,0.298694,0.561027937,0.541217766,0.653345,0.668455,0.578602,0.522288635,0.622289,0.948571461,0.73491375,0.336941,0.65819875,0.58057375,0.6228675,0.61371375,0.802203641,0.596978066,0.581660069,0.71967942,0.384989,0.735621952,0.705320158,0.75048875,0.80962875,0.718161,0.690217575,0.761307,0.953798139,0.83663625,0.435079,0.809,0.7487575,0.8050175,0.762285,0.849497622,0.730982482
112,ToeSegmentation1,0.52856504,0.478750313,0.659465,0.489259858,0.479105139,0.50155625,0.516635,0.529366,0.468727944,0.519678,0.686293874,0.50003125,0.577153,0.500575,0.4991825,0.50112625,0.52265875,0.645536363,0.505848469,0.057292812,-0.022746183,0.256109,0.018592342,-0.006365029,0.00319875,0.03340625,0.046897,-0.032635922,0.027416,0.372662461,0.00012,0.116444,0.00115125,-0.00163375,0.00259125,0.04581625,0.291114106,0.030544284,0.045517778,0.000909076,0.320441,0.010515178,-0.009858789,0.00438,0.0318475,0.043667,-0.039182861,0.025928,0.369410498,0.00231875,0.095362,0.00396875,0.00147125,0.00471,0.05063,0.253848953,0.024961239
113,ToeSegmentation2,0.686893027,0.479057104,0.684762,0.490066919,0.480677766,0.5312625,0.61821,0.635791,0.470070637,0.577273,0.686982273,0.53454875,0.707205,0.50130375,0.499425,0.5268625,0.6099125,0.650784958,0.506118608,0.231749321,-0.019929173,0.288458,0.023051421,-0.004240874,0.0448175,0.14595625,0.171641,-0.030077614,0.113452,0.36509823,0.0343375,0.319673,0.00043375,-0.00309375,0.0241125,0.15277875,0.292327656,0.035138749,0.223783633,0.01078418,0.366412,0.020971984,-0.000521347,0.02279875,0.0627725,0.119828,-0.029048983,0.115713,0.302621347,0.0350075,0.37503,0.021345,0.0049125,0.02523,0.112015,0.284374344,0.036763091
114,Trace,0.874371859,0.730559221,0.598348,0.741280113,0.730543078,0.76485375,0.81172,0.827721,0.720314482,0.786943,0.874572864,0.74988625,0.683052,0.74915,0.75031375,0.745075,0.76566625,0.874516332,0.757031396,0.66488026,0.331068638,0.105356,0.351161852,0.349235984,0.42211,0.53184125,0.575905,0.334415417,0.492045,0.66929249,0.3546425,0.312739,0.32879375,0.39273875,0.3627275,0.39287125,0.670286112,0.407637677,0.7539543,0.520519152,0.168378,0.528120345,0.501741036,0.5554225,0.64373875,0.659364,0.472541709,0.589862,0.75951289,0.513575,0.394651,0.50243375,0.53170375,0.5113375,0.52058,0.760983187,0.543919632
115,TwoLeadECG,0.514692213,0.481598865,0.644358,0.492049772,0.48197586,0.50437375,0.502665,0.531524,0.471598865,0.531051,0.659586132,0.50197875,0.655329,0.5005475,0.50178125,0.49957125,0.5234825,0.561761628,0.508577377,0.029455337,-0.016798936,0.142683,0.024421285,-0.000656807,0.00874625,0.005385,0.049755,-0.026798936,0.048775,0.319365237,0.00406625,0.154086,0.0011075,0.00356875,-0.0004625,0.04708875,0.123872702,0.036311792,0.02480168,0.002946482,0.208484,0.012864155,-0.007841678,0.00695375,0.0049025,0.057496,-0.037053518,0.056469,0.31028126,0.0036,0.201945,0.0014275,0.0032325,2.5e-06,0.03961125,0.122938752,0.027492779
116,TwoPatterns,0.636305261,0.610166066,0.769492,0.621056158,0.610776142,0.62304375,0.76168875,0.74363,0.600716603,0.640353,0.666743304,0.6304725,0.736149,0.6386725,0.62979625,0.77821,0.632025,0.663454801,0.637230993,0.104006405,-0.002607533,0.261414,0.039660171,0.013514971,0.01225875,0.3821875,0.354097,-0.01273259,0.098188,0.159589941,0.0296375,0.288598,0.04465875,0.01600125,0.41814875,0.03826125,0.153627287,0.051209147,0.156727956,0.022528527,0.359119,0.032400881,0.011051339,0.0138825,0.443275,0.434511,-0.019766574,0.165763,0.284524854,0.0457175,0.363916,0.061485,0.0183225,0.4904125,0.06136875,0.270892632,0.045771917
117,UMD,0.625450031,0.571556132,0.743899,0.591372541,0.577364685,0.6272425,0.621975,0.662683,0.553295911,0.597778,0.669363404,0.56049875,0.722211,0.63063375,0.6175975,0.63692,0.58173375,0.658907511,0.604007836,0.173520797,0.1081336,0.214861,0.151262474,0.137842446,0.22157625,0.2328125,0.238475,0.100703676,0.141081,0.258517142,0.0090475,0.203522,0.1649075,0.1497525,0.20789875,0.14335,0.231966556,0.173599903,0.190156657,0.203132967,0.291989,0.195340147,0.201074505,0.32696375,0.363375,0.342134,0.157757586,0.224825,0.336004263,0.01835,0.315247,0.220465,0.21265625,0.3143175,0.23724,0.3066602,0.222690717
118,UWaveGestureLibraryAll,0.855485678,0.870360312,0.769691,0.881295241,0.869277963,0.7896225,0.74324875,0.73244,0.854536141,0.791845,0.87665297,0.81241625,0.729563,0.90694625,0.8854525,0.80009375,0.78384,0.886946425,0.895302198,0.430984169,0.500870585,0.227791,0.548464807,0.519606433,0.11004,0.10218,0.137437,0.48655428,0.219945,0.449775236,0.19167875,0.139059,0.595665,0.483085,0.18757375,0.05538,0.498597538,0.544052667,0.568441892,0.63903184,0.323104,0.634225039,0.616243843,0.18962125,0.206665,0.231428,0.586327839,0.334893,0.561802391,0.312915,0.234982,0.69192625,0.58764625,0.31886375,0.09884125,0.600236053,0.652773235
119,UWaveGestureLibraryX,0.807581562,0.827213104,0.699874,0.835761357,0.827566749,0.8036175,0.8015625,0.789013,0.819043849,0.815791,0.847140531,0.83205375,0.736321,0.8602575,0.8485475,0.81506,0.77878125,0.845841502,0.856468897,0.252220479,0.308226533,0.169652,0.339241071,0.32353423,0.19497375,0.17797125,0.21044,0.289047158,0.275238,0.326935904,0.27353875,0.186909,0.36883375,0.32881625,0.22202625,0.06591875,0.328254884,0.359773055,0.365846047,0.415150524,0.248012,0.423059131,0.401412838,0.2890175,0.25510875,0.301224,0.376937153,0.354265,0.417514297,0.3760975,0.245164,0.45381625,0.41668125,0.30132625,0.12005875,0.426931646,0.430810972
120,UWaveGestureLibraryY,0.781870476,0.823432638,0.657352,0.834470286,0.824049608,0.82045,0.79682875,0.817314,0.843235821,0.826688,0.814200785,0.83594125,0.746526,0.84738125,0.8437925,0.82083625,0.62345,0.815783113,0.850716992,0.225660169,0.284925721,0.127,0.324745027,0.299323423,0.25585125,0.16638875,0.226666,0.302534506,0.253227,0.21840762,0.27985875,0.160188,0.32975375,0.32138,0.23122,0.086245,0.227783553,0.331156158,0.320644421,0.41814162,0.177205,0.429458994,0.407379135,0.36215625,0.2729825,0.333843,0.418086512,0.365911,0.345322263,0.3957525,0.260663,0.44152875,0.426485,0.34239625,0.13082125,0.349200376,0.443865697
121,UWaveGestureLibraryZ,0.738497185,0.825838237,0.729381,0.836912889,0.825878338,0.81488625,0.80832625,0.742487,0.846356422,0.802778,0.83611075,0.83275875,0.691958,0.84678875,0.84351875,0.81166375,0.59087,0.836930004,0.852067912,0.208676188,0.293175824,0.159248,0.335019079,0.313291067,0.2463175,0.2217125,0.141912,0.311983416,0.260671,0.336483662,0.2605425,0.079947,0.3100075,0.30113375,0.2189,0.07882,0.341821491,0.348691541,0.368126689,0.411294418,0.252259,0.421425949,0.402016884,0.360235,0.3276975,0.222557,0.41200522,0.36742,0.448232255,0.3891175,0.16035,0.42418125,0.4088575,0.32692875,0.14474125,0.447546239,0.436436295
122,Wafer,0.56589831,0.516444855,0.694048,0.526774346,0.516921437,0.53606375,0.55634125,0.571208,0.536430621,0.563934,0.699887642,0.534615,0.584535,0.539735,0.53709375,0.5363575,0.5567225,0.710169836,0.543367862,0.102063482,-0.011983278,0.100132,0.029393999,0.004149,0.00698125,0.0396775,0.022443,0.007995739,0.032601,-0.007369751,0.00101875,0.048803,0.020115,0.0038175,0.007435,0.01174375,0.01069993,0.041127337,0.090262505,0.00060637,0.186964,0.010491782,-0.010157596,0.00086125,0.02133875,0.011031,0.000605338,0.030383,0.00080697,2.88e-05,0.063302,0.007485,0.0002525,0.00071875,0.00985125,0.003674128,0.025136399
123,Wine,0.498771499,0.477522692,0.642897,0.487110086,0.476756772,0.4977475,0.51912375,0.593037,0.495974345,0.541022,0.50983711,0.5020875,0.587603,0.49519875,0.4963975,0.5281725,0.5022125,0.507493857,0.504527601,0.004972978,-0.02389768,0.11296,0.016169533,-0.009197634,-0.002045,0.03879375,0.060505,-0.000821739,0.018489,0.020460609,0.00648125,0.046124,-0.00215125,-0.00537125,0.05642875,0.00545,0.016078733,0.02881789,0.048641154,0.015748051,0.17223,0.022203753,-0.001966369,0.00799125,0.03559625,0.098871,0.008284356,0.043851,0.021997262,0.0155325,0.087286,0.003825,0.00095375,0.04936,0.0128675,0.018805189,0.026561003
124,WordSynonyms,0.869554589,0.87654881,0.560275,0.88678716,0.876990675,0.87503375,0.8870825,0.811122,0.896277691,0.846317,0.889220544,0.88926875,0.707836,0.9020925,0.89449625,0.88181375,0.85165875,0.889993522,0.904500296,0.168350984,0.141531488,0.024042,0.186227179,0.162618468,0.08132375,0.14171625,0.114682,0.162958961,0.134795,0.119433138,0.149735,0.12246,0.20627625,0.1513425,0.121955,0.09614,0.119592461,0.203212506,0.417433452,0.435649316,0.056737,0.439820456,0.420415655,0.281625,0.35139625,0.283532,0.429281482,0.343327,0.367341577,0.39195125,0.225546,0.48102375,0.40314,0.345635,0.28867375,0.368761989,0.465086932
125,Worms,0.613579465,0.627415539,0.555377,0.639261206,0.627868117,0.6476625,0.58721,0.555084,0.646017992,0.626737,0.66310406,0.6480725,0.605313,0.6078775,0.64464,0.61573125,0.63043,0.660799928,0.65556167,0.053369538,0.043280529,0.081952,0.084088713,0.064457199,0.02306375,0.0394,0.025885,0.062092862,0.054844,0.09094569,0.03568375,0.145836,0.0699075,0.0087525,0.07544875,0.01524875,0.091663366,0.101482236,0.210502126,0.077810359,0.080555,0.092363759,0.06835972,0.06291125,0.0839275,0.047496,0.07985079,0.109116,0.201320362,0.0697,0.151187,0.111905,0.04045875,0.18171375,0.04050125,0.208109085,0.107745044
126,WormsTwoClass,0.498808554,0.481037416,0.69939,0.490854071,0.482084634,0.501715,0.50006,0.500573,0.500346555,0.500716,0.499123592,0.49994375,0.568155,0.49913,0.49998375,0.4988875,0.50088,0.49961919,0.507059558,-0.011436849,-0.018406825,0.231772,0.022882723,-0.001067644,0.00138125,-0.00652,-0.004483,0.001401608,-0.00022,-0.009935231,-0.00225375,0.119078,-0.0036775,-0.00039,-0.009295,-0.001185,-0.008412065,0.033449893,0.006956821,0.003070919,0.300965,0.012822531,-0.007826799,0.00778,0.00499125,0.003484,0.003658205,0.005086,0.004311245,0.00683625,0.130966,0.00413625,0.0028825,0.030425,0.00351625,0.003138991,0.027262446
127,Yoga,0.502493869,0.47990447,0.686828,0.490288035,0.480268091,0.5022075,0.50158,0.571997,0.499904409,0.546447,0.500340415,0.50174375,0.583255,0.50008875,0.50035125,0.50145875,0.50261625,0.502781238,0.506814387,0.001298795,-0.021544848,0.235462,0.019753814,-0.00548288,0.00276625,0.0031375,0.103135,-0.00154024,0.092501,-0.001068977,0.00207125,0.152699,-0.0011025,-0.00031625,0.0028375,0.00426875,0.003865182,0.03150564,0.000421259,0.000855253,0.309757,0.01079694,-0.010034522,0.00206,0.00274875,0.109589,0.000836048,0.086333,0.000711016,0.00256875,0.153582,0.00026625,0.00215375,0.00172875,0.0029875,0.002688506,0.025232983
