,Name,PAM-Unsupervised-SWALE-RI,PAM-Unsupervised-EDR-RI,PAM-Supervised-SWALE-RI,PAM-Supervised-EDR-RI,PAM-Supervised-MSM-RI,PAM-Supervised-DTW-RI,PAM-Unsupervised-LCSS-RI,PAM-Supervised-ERP-RI,PAM-Supervised-LCSS-RI,PAM-Unsupervised-TWED-RI,PAM-Unsupervised-ERP-RI,PAM-Supervised-TWED-RI,PAM-Unsupervised-DTW-RI,PAM-Unsupervised-MSM-RI,k-Shape-RI,PAM-Unsupervised-SWALE-ARI,PAM-Unsupervised-EDR-ARI,PAM-Supervised-SWALE-ARI,PAM-Supervised-EDR-ARI,PAM-Supervised-MSM-ARI,PAM-Supervised-DTW-ARI,PAM-Unsupervised-LCSS-ARI,PAM-Supervised-ERP-ARI,PAM-Supervised-LCSS-ARI,PAM-Unsupervised-TWED-ARI,PAM-Unsupervised-ERP-ARI,PAM-Supervised-TWED-ARI,PAM-Unsupervised-DTW-ARI,PAM-Unsupervised-MSM-ARI,k-Shape-ARI,PAM-Unsupervised-SWALE-NMI,PAM-Unsupervised-EDR-NMI,PAM-Supervised-SWALE-NMI,PAM-Supervised-EDR-NMI,PAM-Supervised-MSM-NMI,PAM-Supervised-DTW-NMI,PAM-Unsupervised-LCSS-NMI,PAM-Supervised-ERP-NMI,PAM-Supervised-LCSS-NMI,PAM-Unsupervised-TWED-NMI,PAM-Unsupervised-ERP-NMI,PAM-Supervised-TWED-NMI,PAM-Unsupervised-DTW-NMI,PAM-Unsupervised-MSM-NMI,k-Shape-NMI
0,ACSF1,0.816767676767677,0.834848485,0.8044646459999999,0.83040404,0.802525253,0.774767677,0.831818182,0.803111111,0.80820202,0.818282828,0.803111111,0.816909091,0.7718181820000001,0.8232929290000001,0.74220202,0.173336647609578,0.176203799,0.20645009600000003,0.213838776,0.190654602,0.139315498,0.166561456,0.173685665,0.20321782800000002,0.20108701699999998,0.173685665,0.188706006,0.142401337,0.207185707,0.133058269,0.40730973573166,0.436343286,0.483844434,0.47341464200000005,0.467507525,0.40255744,0.42842971399999996,0.440943239,0.48298134600000003,0.465706952,0.440943239,0.456443025,0.415646147,0.470794014,0.416700095
1,Adiac,0.935495352976073,0.950789005,0.786992288,0.941945818,0.951701272,0.955343748,0.9524487509999999,0.95163272,0.7890712540000001,0.950939292,0.95163272,0.951917474,0.9536826840000001,0.951338738,0.9486770809999999,0.236372900454532,0.26816394600000004,0.071188036,0.227136013,0.23665713,0.251026393,0.26934491,0.237142432,0.075571123,0.22394970100000003,0.237142432,0.24648612399999997,0.234386018,0.23116998600000002,0.241578696,0.6294657204747,0.638146204,0.45719002700000005,0.611925987,0.6237773010000001,0.62787558,0.638261936,0.618586626,0.457393635,0.610124501,0.618586626,0.625615634,0.621740055,0.617085746,0.618166853
2,AllGestureWiimoteX,0.818885172798216,0.8161092529999999,0.808033445,0.8095451509999999,0.807083612,0.8183121520000001,0.807083612,0.80445039,0.806662207,0.802428094,0.80445039,0.810149387,0.8167045709999999,0.810033445,0.835518395,0.0645983238250465,0.037148224,0.05368349,0.04797030099999999,0.046458100999999995,0.052925367,0.036877907,0.08708612800000001,0.037479916,0.047284112999999996,0.08708612800000001,0.056526239000000006,0.09488515,0.049993179000000006,0.100161741,0.189685760509398,0.13737902300000002,0.173681383,0.155528126,0.162936112,0.173782555,0.139475398,0.227714626,0.141917965,0.172439786,0.227714626,0.179719913,0.228349553,0.17124146699999998,0.240578768
3,AllGestureWiimoteY,0.814358974358974,0.8238015609999999,0.821453735,0.824075808,0.8246376809999999,0.8286020070000001,0.8265685620000001,0.8278795990000001,0.8302185059999999,0.813625418,0.8278795990000001,0.822113712,0.8291081379999999,0.8242943140000001,0.839502787,0.0936326069939745,0.084556261,0.122362061,0.094096052,0.127788271,0.10958674800000001,0.08384752,0.151357029,0.096332313,0.091735546,0.151357029,0.122311658,0.158286765,0.10976941,0.135475982,0.228860725555608,0.20744298600000002,0.273103331,0.22273501399999998,0.284413448,0.2672768,0.20984268600000003,0.32371782600000004,0.23448021100000002,0.24495685,0.32371782600000004,0.278482242,0.340526115,0.262185654,0.310073327
4,AllGestureWiimoteZ,0.794515050167224,0.801150502,0.790860647,0.8021426979999999,0.78696767,0.80586845,0.805469342,0.799971014,0.814280936,0.794055741,0.799971014,0.79535563,0.813685619,0.7957012259999999,0.829114827,0.052765750318657,0.042081272,0.043582126,0.04020797,0.041815996,0.056853970999999996,0.029126709,0.078328958,0.032859869,0.031313715,0.078328958,0.04568922,0.094053426,0.045090359,0.07562788,0.194185279438375,0.157239803,0.168903931,0.156002766,0.167654463,0.184621974,0.124204279,0.22608994699999999,0.13985303699999999,0.152247989,0.22608994699999999,0.176656371,0.241669137,0.171668502,0.217904641
5,ArrowHead,0.677777777777778,0.6882539679999999,0.695079365,0.7012698409999999,0.6939682540000001,0.6893650790000001,0.6909523809999999,0.694603175,0.698253968,0.682063492,0.694603175,0.69984127,0.681111111,0.695396825,0.702698413,0.25951016154247,0.335737878,0.317336532,0.33047364,0.335408401,0.351320057,0.313213728,0.319604743,0.336156384,0.292331987,0.319604743,0.34060767399999997,0.27943107899999997,0.363011113,0.36703770399999996,0.348237881344148,0.425391375,0.387509192,0.40427495,0.409258413,0.44684098899999997,0.383237506,0.39466167799999996,0.41719055200000005,0.370121265,0.39466167799999996,0.409589145,0.35293471299999996,0.44517279200000004,0.46839972399999996
6,Beef,0.72183908045977,0.684597701,0.6505747129999999,0.6689655170000001,0.669885057,0.649425287,0.681149425,0.66045977,0.686896552,0.660689655,0.66045977,0.671724138,0.6763218390000001,0.686666667,0.652413793,0.0878606706524565,0.034053884,0.033040267000000005,0.033233088,0.04036239,0.038892741,0.042003387,0.013890646999999999,0.06528210200000001,0.049807545,0.013890646999999999,0.032960491,0.05200724,0.062433092,0.040098107,0.339948855810671,0.280512611,0.29918422100000003,0.29013506,0.304164333,0.299963031,0.288791641,0.24756910199999999,0.318831598,0.315505699,0.24756910199999999,0.286355511,0.319171506,0.314962681,0.28025747300000003
7,BeetleFly,0.605263157894737,0.636315789,0.658421053,0.666315789,0.677894737,0.544210526,0.51,0.5,0.5310526320000001,0.550526316,0.5,0.692631579,0.625263158,0.691578947,0.604210526,0.208772903942254,0.271328499,0.315811202,0.33188609399999996,0.35503237299999996,0.09492876300000001,0.023471284,-0.000835357,0.070001553,0.107399259,-0.000835357,0.38477260399999996,0.251726002,0.382253179,0.20723945,0.191858096681472,0.24481203199999998,0.283944915,0.301738584,0.31891208600000004,0.163670343,0.08561167300000001,0.037378286000000004,0.124983662,0.142119528,0.037378286000000004,0.361719622,0.23994096899999998,0.33854905799999996,0.200236188
8,BirdChicken,0.494736842105263,0.494736842,0.518421053,0.507368421,0.510526316,0.524736842,0.524736842,0.477894737,0.569473684,0.5626315789999999,0.477894737,0.518421053,0.5210526320000001,0.518421053,0.591578947,-0.0044052863436123395,-0.004405286,0.039360466000000004,0.019535638,0.024771882000000002,0.05281906,0.047509945,-0.018668989,0.13726260699999998,0.12464669199999999,-0.018668989,0.039360466000000004,0.044223328,0.039360466000000004,0.18768002,0.037050681076413,0.037050681,0.071741565,0.054909824,0.060177937,0.079061072,0.072840486,0.013571851999999999,0.138476028,0.132897564,0.013571851999999999,0.071741565,0.075596107,0.071741565,0.202308789
9,BME,0.657471264367816,0.6439080460000001,0.6505747129999999,0.6485057470000001,0.679310345,0.7356321840000001,0.658850575,0.693563218,0.6505747129999999,0.672873563,0.693563218,0.6641379310000001,0.740229885,0.66183908,0.693333333,0.247343668350462,0.204584198,0.225877907,0.208304194,0.297617558,0.41927118,0.223360189,0.3315616,0.232127079,0.282921274,0.3315616,0.2544927,0.427118476,0.259578915,0.324370121,0.310445886713286,0.280582238,0.313235681,0.287714841,0.394665867,0.556269314,0.299080809,0.436471767,0.322783506,0.382243216,0.436471767,0.357649944,0.565473935,0.34840708600000003,0.435736358
10,Car,0.63954802259887,0.6741242940000001,0.651186441,0.663107345,0.6975706209999999,0.5851412429999999,0.6791525420000001,0.679548023,0.6722598870000001,0.66039548,0.679548023,0.666497175,0.5546327679999999,0.666384181,0.6584180789999999,0.206415242314401,0.24003120100000003,0.22660821399999997,0.24370508800000001,0.285430519,0.081593716,0.24523639100000003,0.266079316,0.218789824,0.155649133,0.266079316,0.251148449,0.08687681900000001,0.263750512,0.11712133699999999,0.314596831757084,0.379065036,0.35361859700000003,0.380625073,0.418736754,0.191269417,0.37856595600000004,0.40587291299999995,0.337457134,0.287192137,0.40587291299999995,0.366631775,0.21048318,0.414086688,0.22229573800000002
11,CBF,0.951724137931035,0.6829885059999999,0.8110344829999999,0.7,0.795632184,0.665057471,0.6749425290000001,0.782528736,0.686666667,0.6852873559999999,0.782528736,0.8034482759999999,0.763678161,0.736091954,0.74137931,0.889619255911744,0.280414006,0.578384304,0.323984586,0.535321568,0.240706268,0.271433202,0.512332427,0.300945326,0.287475505,0.512332427,0.554779925,0.474700745,0.402001709,0.40761903899999996,0.895486766192025,0.386090885,0.63667136,0.40575118200000004,0.59703864,0.331144681,0.377442024,0.58543119,0.40049643799999995,0.371002279,0.58543119,0.5909016539999999,0.573366192,0.48110664,0.491190915
12,Chinatown,0.605263157894737,0.760526316,0.590526316,0.706315789,0.6410526320000001,0.5215789470000001,0.749473684,0.6078947370000001,0.607368421,0.582105263,0.6078947370000001,0.673684211,0.545789474,0.664736842,0.530526316,0.208772903942254,0.52175548,0.18488244899999998,0.41469827600000003,0.282065932,0.049500410999999994,0.49894128200000004,0.215405443,0.216045861,0.164988948,0.215405443,0.34782029999999997,0.092893294,0.32876671399999996,0.059977765,0.191858096681472,0.510972364,0.217709701,0.46335592700000006,0.260031566,0.072113947,0.49177528200000004,0.224707475,0.209750673,0.17665498,0.224707475,0.34063587,0.111716516,0.296236911,0.09675137699999999
13,ChlorineConcentration,0.532032606997454,0.529370192,0.5254165479999999,0.529561349,0.518532134,0.5282958520000001,0.529783753,0.527227946,0.528093667,0.522454531,0.527227946,0.5214822029999999,0.528387755,0.527022084,0.523446159,0.00920217433897234,0.003393386,0.00103769,0.0065119,-0.0017141860000000001,0.001258358,0.0057152719999999995,0.000811765,0.001795586,-0.001809545,0.000811765,-0.001969484,0.000322775,0.001276016,-0.0022647329999999997,0.00917610225458465,0.009860763,0.012846786,0.012823888,0.015508798,0.009803561,0.010401579000000001,0.011936597,0.013466107,0.012148792,0.011936597,0.011798642,0.009876361,0.011005232,0.012184819
14,CinCECGTorso,0.638461538461538,0.629358974,0.631153846,0.628846154,0.6079487179999999,0.63025641,0.6267948720000001,0.615512821,0.6234615379999999,0.62,0.615512821,0.646282051,0.617179487,0.622948718,0.629487179,0.0908264237353989,0.056645745,0.091368991,0.049092974000000004,0.06768162700000001,0.069403017,0.087608798,0.060509812,0.101334065,0.10007240099999999,0.060509812,0.099969134,0.026081372000000002,0.084647167,0.062859527,0.2340984553831,0.160538571,0.21452557600000002,0.161480813,0.188471097,0.20264602899999998,0.211811864,0.17610706899999998,0.22804347100000003,0.248099862,0.17610706899999998,0.223414342,0.138138006,0.21934267,0.19873654300000002
15,Coffee,0.801587301587302,0.553439153,0.873809524,0.722486772,0.844708995,0.803703704,0.558730159,0.8325396829999999,0.837301587,0.8325396829999999,0.8325396829999999,0.8523809520000001,0.8087301590000001,0.862962963,0.8238095240000001,0.603330068560235,0.105935645,0.74769551,0.44480211,0.6893096190000001,0.607728835,0.11722996699999999,0.664931547,0.675008301,0.665056065,0.664931547,0.704723058,0.6176683479999999,0.7257329220000001,0.647700501,0.601866568457712,0.103816455,0.7423395620000001,0.39388469600000003,0.653061384,0.608442325,0.11998475,0.623895266,0.66558445,0.641105787,0.623895266,0.68091913,0.614166147,0.688418165,0.647261629
16,Computers,0.521413654618474,0.5010249,0.519903614,0.521278715,0.51446747,0.49960160600000003,0.5037204820000001,0.512151004,0.5222779120000001,0.510117269,0.512151004,0.514894779,0.50171245,0.508726104,0.534522088,0.0428207634716168,0.00255928,0.040492851,0.042635651,0.030132579,-0.00033609,0.007829698000000001,0.02490987,0.04509245,0.021765068999999998,0.02490987,0.031169931,0.004175493,0.018728648,0.069689133,0.0340317317426597,0.0052757559999999995,0.044088858,0.034476511,0.047081488,0.0032578909999999997,0.009790808,0.029847647999999997,0.044337861,0.043030774,0.029847647999999997,0.05034879900000001,0.007482009,0.038394075,0.069696252
17,CricketX,0.847867642212115,0.8323867909999999,0.8320703970000001,0.833069672,0.8320835809999999,0.8513545579999999,0.83324237,0.844277899,0.834144091,0.8410137759999999,0.844277899,0.837126096,0.8476277109999999,0.841033551,0.870760003,0.0633442280366298,0.045636015,0.067284964,0.057589604,0.093571363,0.137836777,0.047924385,0.106352042,0.063939208,0.09460822199999999,0.106352042,0.099747155,0.15135148,0.10955071400000001,0.183649975,0.20671140741967,0.17349035899999998,0.224452158,0.20439985,0.27455757399999997,0.33818526,0.18702274600000002,0.28118482,0.22053809100000002,0.27212498,0.28118482,0.279765694,0.35037059600000003,0.29316986300000003,0.390224148
18,CricketY,0.85376046404324,0.838734428,0.849742271,0.8476118909999999,0.8462500820000001,0.84637664,0.847988926,0.848131303,0.845812405,0.846823545,0.848131303,0.848603256,0.85002307,0.845302221,0.864084108,0.13521373954572,0.075231301,0.112674161,0.092079115,0.134266335,0.137652407,0.08787921,0.14628392,0.107313684,0.1114271,0.14628392,0.13797325,0.164076608,0.131826734,0.174136457,0.293330517414557,0.235906984,0.28997746399999996,0.24846782399999998,0.33126854,0.325722985,0.24961601600000002,0.341769079,0.280938737,0.291410336,0.341769079,0.330969752,0.37190309899999996,0.322299936,0.38273380799999995
19,CricketZ,0.846575703645112,0.842437545,0.834250873,0.834729418,0.8411825190000001,0.84552106,0.8374174409999999,0.852121811,0.841313031,0.837981676,0.852121811,0.8357141920000001,0.8509340190000001,0.8474312829999999,0.86882605,0.056015423424806,0.052711342,0.060042251,0.05549097099999999,0.103591633,0.129182102,0.052609851,0.110492386,0.064205623,0.08644205599999999,0.110492386,0.09720805699999999,0.142826919,0.11631744599999999,0.169864367,0.196320784689272,0.18947371600000001,0.21375644800000002,0.200162707,0.278533622,0.32922739,0.19239263,0.277810342,0.21777959600000002,0.257578659,0.277810342,0.288382814,0.350870881,0.295295204,0.36920239899999996
20,Crop,0.92140208516615,0.9174605109999999,0.91624603,0.9188749940000001,0.915031455,0.921075593,0.9212960790000001,0.921408683,0.921919877,0.915829749,0.921408683,0.9083486709999999,0.917936913,0.9151985579999999,0.929522947,0.152506677484235,0.128696528,0.166281858,0.153914519,0.186484288,0.19994873300000002,0.139228316,0.201367197,0.180039404,0.203517466,0.201367197,0.18575878199999998,0.179238891,0.20353419600000003,0.24849068100000002,0.293786428525399,0.266823531,0.33463339,0.307317468,0.385770299,0.40066459200000004,0.291188097,0.391314417,0.360672292,0.398871314,0.391314417,0.396091242,0.373312409,0.404712821,0.44382752299999995
21,DiatomSizeReduction,0.733333333333333,0.774166667,0.845,0.848333333,0.795,0.888333333,0.825,0.8766666670000001,0.8533333329999999,0.846666667,0.8766666670000001,0.8241666670000001,0.848333333,0.8475,0.9208333329999999,0.424977538185085,0.42044089799999995,0.606246368,0.6150178510000001,0.474303045,0.722745557,0.547039996,0.676070885,0.64193136,0.619810888,0.676070885,0.537259355,0.633387602,0.586417923,0.796769003,0.618578536825754,0.648908364,0.752626213,0.7561387690000001,0.6716986620000001,0.840384283,0.725108506,0.8034375509999999,0.781761879,0.7606248720000001,0.8034375509999999,0.7018004940000001,0.795912383,0.7533783479999999,0.866261429
22,DistalPhalanxOutlineAgeGroup,0.768107769423559,0.680556391,0.739958647,0.738951128,0.741469925,0.764362155,0.661216792,0.704051378,0.748260652,0.7448095240000001,0.704051378,0.7261303259999999,0.71133584,0.726431078,0.721800752,0.535737068742862,0.360186193,0.47945329,0.47737398,0.482500848,0.528337817,0.321408889,0.407464714,0.49606631799999995,0.48918686,0.407464714,0.45170091,0.42191306700000003,0.45245015200000005,0.44289653100000004,0.4035598206657591,0.320437574,0.395089423,0.377154995,0.401593879,0.41093140200000006,0.359834944,0.354072966,0.415316321,0.39693501700000006,0.354072966,0.40524244600000003,0.39670659,0.362772879,0.361867778
23,DistalPhalanxOutlineCorrect,0.516616583194213,0.513823595,0.512581525,0.50847468,0.5059065110000001,0.511406233,0.532200334,0.506377295,0.51296828,0.505598219,0.506377295,0.505598219,0.5119866439999999,0.504699499,0.503947134,0.0332686957304995,0.027319606,0.025014484,0.016518428,0.010816181000000001,0.02260031,0.064376536,0.011791999,0.025811965,0.010141438000000001,0.011791999,0.010141438000000001,0.023793901,0.008178466,0.006757938000000001,0.0253009224787173,0.018889295,0.017330318,0.010179266,0.0054762809999999995,0.015233008000000001,0.057637254000000006,0.006087660999999999,0.018069041,0.005018458,0.006087660999999999,0.005018458,0.01626314,0.00378823,0.003114407
24,DistalPhalanxTW,0.700012531328321,0.730135338,0.807426065,0.759518797,0.76012782,0.798365915,0.7290263159999999,0.7555789470000001,0.8075914790000001,0.734701754,0.7555789470000001,0.757535088,0.774615288,0.726655388,0.8213471179999999,0.259343687724544,0.333431605,0.546959443,0.418176315,0.43128728899999996,0.51779924,0.33256851600000004,0.41603736700000005,0.552284105,0.365244668,0.41603736700000005,0.43306578100000004,0.45166500299999995,0.355208019,0.577496084,0.444983265099805,0.455829096,0.54353604,0.489315981,0.524416724,0.532247606,0.45557834799999997,0.511105071,0.537115296,0.508906697,0.511105071,0.521333115,0.516348889,0.501750795,0.545776617
25,DodgerLoopDay,0.788877788877789,0.764202464,0.7587079590000001,0.765001665,0.762237762,0.7491508490000001,0.773992674,0.76040626,0.744455544,0.760705961,0.76040626,0.752414252,0.7456210459999999,0.752380952,0.796503497,0.19040151178188,0.124267609,0.161598124,0.181314169,0.196498148,0.158588032,0.127340697,0.162415256,0.183809444,0.220612095,0.162415256,0.18138623899999998,0.137054845,0.187694893,0.224194888,0.36805354221223,0.323894272,0.37362631,0.379263836,0.414052271,0.372199734,0.33747306299999996,0.38091000799999997,0.415908259,0.46347198,0.38091000799999997,0.40598621700000004,0.338050615,0.42894830700000003,0.43344909600000003
26,DodgerLoopGame,0.494736842105263,0.48473684200000006,0.476315789,0.47526315799999996,0.478947368,0.473684211,0.502105263,0.477368421,0.47526315799999996,0.478947368,0.477368421,0.478947368,0.473684211,0.478421053,0.482631579,-0.0044052863436123395,-0.01666614,-0.034456735,-0.040390201,-0.039800995,-0.046255507,0.018166591,-0.040597637,-0.041158112999999996,-0.039800995,-0.040597637,-0.039800995,-0.046255507,-0.040446446000000004,-0.033392322,0.037050681076413,0.031880156,0.00749417,0.004640245,0.00821823,0.0,0.07069526400000001,0.0057527609999999995,0.003675747,0.00821823,0.0057527609999999995,0.00821823,0.0,0.007396407,0.013085601
27,DodgerLoopWeekend,0.810526315789474,0.731578947,0.731578947,0.8194736840000001,0.828421053,0.855263158,0.9,0.7105263159999999,0.837368421,0.875263158,0.7105263159999999,0.828421053,0.663157895,0.8194736840000001,0.96,0.620842572062084,0.46434494200000004,0.46434494200000004,0.638713895,0.6565852179999999,0.71011493,0.799555802,0.424228341,0.674456541,0.7502880270000001,0.424228341,0.6565852179999999,0.330396476,0.638713895,0.9198223209999999,0.618977004017457,0.510243271,0.510243271,0.633181911,0.647386818,0.6812042779999999,0.761026072,0.48883840799999995,0.661591724,0.7377963240000001,0.48883840799999995,0.647386818,0.42079149200000004,0.633181911,0.904410429
28,Earthquakes,0.500783653567075,0.533565527,0.546198796,0.500950059,0.504696117,0.502244539,0.50364544,0.49975232700000005,0.577086357,0.502095548,0.49975232700000005,0.5057758170000001,0.502289042,0.507393433,0.540542946,-0.03635137877245889,-0.032786018,0.059176059,-0.039528861,-0.014477398,-0.031685432,-0.020103811,-0.028520185,0.079903156,-0.016852492,-0.028520185,-0.010777647,-0.033740575,-0.005024221,0.011552948,0.0292656669747642,0.005979531999999999,0.035750236,0.034209114,0.038029524,0.019772081,0.027353582,0.038794357,0.030879952999999998,0.038005641,0.038794357,0.03531359,0.022192851,0.041072159,0.004302337
29,ECG200,0.534545454545455,0.553494949,0.5576363639999999,0.580646465,0.585636364,0.578888889,0.598727273,0.589474747,0.633939394,0.61579798,0.589474747,0.6033939389999999,0.554282828,0.621494949,0.6278181820000001,0.0703147812026335,0.08880577199999999,0.101442201,0.145298208,0.138350691,0.129250903,0.182975742,0.163636737,0.247390279,0.20985028,0.163636737,0.183235533,0.09217536,0.220113693,0.24498626199999998,0.0676109358078297,0.05198479,0.072476855,0.08548285900000001,0.104380214,0.086698579,0.114846411,0.112217711,0.154196279,0.144426311,0.112217711,0.122830374,0.083103016,0.13786573300000002,0.154726347
30,ECG5000,0.726533066132265,0.710282966,0.739726653,0.709983968,0.7483158320000001,0.726808818,0.729663327,0.725086172,0.76591984,0.739455711,0.725086172,0.727786774,0.726326253,0.7604617229999999,0.766413627,0.43526245090877,0.40280717299999996,0.463698238,0.40102277399999997,0.48243654700000005,0.43667902,0.443187239,0.433141891,0.519099246,0.463125334,0.433141891,0.43903680100000003,0.43543039299999997,0.507461223,0.520457851,0.42263991814759694,0.36438106299999995,0.442446564,0.39789710899999997,0.48814310200000005,0.47443748799999996,0.407152157,0.454502255,0.468298583,0.489729299,0.454502255,0.471454431,0.45537741299999995,0.5034084879999999,0.552798013
31,ECGFiveDays,0.50197628458498,0.628458498,0.565217391,0.562055336,0.599209486,0.5351778660000001,0.562055336,0.614229249,0.5699604739999999,0.601581028,0.614229249,0.554940711,0.5256917,0.613438735,0.604743083,0.00393700787401575,0.256934958,0.13057411800000002,0.12420187199999999,0.198313273,0.07003430000000001,0.124097258,0.22842961399999998,0.140068729,0.20310906399999998,0.22842961399999998,0.10965902400000001,0.050941428,0.22687978399999997,0.20746741100000002,0.0599645489336315,0.226649247,0.148380015,0.133133778,0.170048762,0.147237808,0.140312562,0.24605224399999998,0.149527581,0.17231269800000001,0.24605224399999998,0.09753042,0.174494777,0.189615843,0.23095359
32,ElectricDevices,0.734670138725443,0.734923659,0.712579118,0.726791759,0.748019291,0.774766535,0.737036137,0.753523463,0.716569217,0.7395663990000001,0.753523463,0.7581804529999999,0.774332008,0.722087508,0.738167157,0.167952691255003,0.078764607,0.123674096,0.131294543,0.22937774,0.26564553,0.123376446,0.218250332,0.149114251,0.197756076,0.218250332,0.21676738199999998,0.260358139,0.183611238,0.12896661,0.257616745855702,0.147788021,0.280631317,0.22833095899999997,0.320034258,0.300296099,0.188310573,0.339500883,0.28356291100000003,0.301026862,0.339500883,0.313310878,0.328517954,0.31008404,0.250388872
33,EOGHorizontalSignal,0.861740714099876,0.85776465,0.8633262420000001,0.8608117409999999,0.8525030229999999,0.8529652129999999,0.856763747,0.855086393,0.859879708,0.845714023,0.855086393,0.854775715,0.868017018,0.84952327,0.849763548,0.146958365907697,0.13345579400000002,0.16866335600000001,0.144919084,0.169415996,0.205264172,0.139035567,0.183629154,0.16312904,0.174378625,0.183629154,0.17150976,0.24798482100000002,0.18252765,0.218549927,0.380669312589137,0.325877164,0.376188575,0.336957224,0.38736990299999996,0.41944338600000003,0.33752435399999997,0.40680431799999994,0.373619443,0.381978895,0.40680431799999994,0.39162827899999997,0.454114303,0.39791554,0.460110024
34,EOGVerticalSignal,0.825959198665463,0.84945134,0.8438621999999999,0.849460522,0.850609877,0.85482928,0.8524739440000001,0.8541467070000001,0.84842595,0.8451309290000001,0.8541467070000001,0.848263724,0.8605638109999999,0.847832142,0.8748106090000001,0.0647871017162544,0.08087758,0.097221062,0.094706134,0.127798422,0.16486452099999999,0.099448939,0.163774478,0.11605208800000001,0.13132712300000002,0.163774478,0.12901468800000002,0.188350275,0.134210297,0.23295217899999998,0.25276321787964,0.238854487,0.277419203,0.263055457,0.31020984,0.35355334899999996,0.25840223100000004,0.355230174,0.28772628699999997,0.31633327899999997,0.355230174,0.311835607,0.38659873,0.32286133,0.43226638700000003
35,EthanolLevel,0.576588090504592,0.606178011,0.611816403,0.605083783,0.591266686,0.5944980910000001,0.592336457,0.6076722210000001,0.604551264,0.601887879,0.6076722210000001,0.60664505,0.601252012,0.603175392,0.6237669220000001,0.00822472217554475,0.002968755,0.0032848559999999996,0.004002187,0.0056081559999999996,0.005453721999999999,0.003082187,0.0035591390000000002,0.0035878940000000003,0.002036099,0.0035591390000000002,0.004789308,0.005260015,0.0031615840000000003,0.008045547,0.0248386952365631,0.012511796,0.013723988999999999,0.013181678999999998,0.017130161,0.015345328,0.014680328999999999,0.014068472,0.0135791,0.010150507,0.014068472,0.014315282,0.014172981000000001,0.012201566,0.018237761
36,FaceAll,0.868387426526961,0.856156402,0.882652696,0.882699336,0.89092001,0.8948249420000001,0.85542231,0.908724764,0.896123179,0.8995431890000001,0.908724764,0.885801814,0.88692691,0.9065691290000001,0.92929402,0.150466581630207,0.138264326,0.26535518399999997,0.247114232,0.36068998799999996,0.33779188600000004,0.125352789,0.39115144700000004,0.32182336100000003,0.401922913,0.39115144700000004,0.356450595,0.30545041300000003,0.43086669899999996,0.509617995,0.315138432339468,0.28663393800000003,0.455057407,0.423135861,0.596645647,0.55637008,0.277743377,0.589400254,0.505619401,0.619943311,0.589400254,0.599993672,0.5342376870000001,0.6515951320000001,0.694760067
37,FaceFour,0.583333333333333,0.7478260870000001,0.75,0.7278985509999999,0.827898551,0.679710145,0.654347826,0.7572463770000001,0.7768115940000001,0.827173913,0.7572463770000001,0.817753623,0.697463768,0.7894927540000001,0.7090579709999999,0.0170940170940171,0.398184825,0.399266285,0.365299968,0.560207949,0.262050732,0.181058053,0.40412073600000004,0.45026873799999995,0.580402368,0.40412073600000004,0.539023427,0.272697156,0.509181552,0.23803232,0.266469791340836,0.576656199,0.58709445,0.571537513,0.702964175,0.427420034,0.371243493,0.562461629,0.588526984,0.69954375,0.562461629,0.6773044840000001,0.43235921,0.651821573,0.39668070299999997
38,FacesUCR,0.8656783919597991,0.849502513,0.8839798990000001,0.872633166,0.903567839,0.888909548,0.854286432,0.90020603,0.8845075379999999,0.904386935,0.90020603,0.9007035179999999,0.888703518,0.905954774,0.9080804020000001,0.260989852665056,0.177104973,0.334815724,0.26923997899999996,0.438539623,0.357604789,0.175165023,0.39833978200000003,0.35292443,0.44079664399999996,0.39833978200000003,0.423984996,0.36648293600000004,0.46189285,0.42027140799999996,0.41428152269092,0.389574369,0.520401765,0.480026116,0.6624469510000001,0.605088929,0.376230185,0.631806832,0.549488654,0.651486826,0.631806832,0.658924111,0.591199092,0.674042845,0.6506570970000001
39,FiftyWords,0.948418708240535,0.945440238,0.948759218,0.948239545,0.9529759959999999,0.9524662209999999,0.9472447409999999,0.9490056920000001,0.949447167,0.951706013,0.9490056920000001,0.952016828,0.9488215790000001,0.954087602,0.953650087,0.283496971368605,0.213994935,0.259823099,0.23386368600000002,0.31147131699999997,0.311253097,0.21833497899999998,0.262515006,0.255191518,0.290708272,0.262515006,0.313317363,0.26485434,0.329343436,0.33399879600000004,0.627966101872985,0.591391814,0.64770154,0.620788419,0.694504226,0.6807721529999999,0.595474352,0.64959461,0.639303473,0.6753331109999999,0.64959461,0.6868966590000001,0.663155455,0.691621315,0.6965147709999999
40,Fish,0.783776683087028,0.805228243,0.7905812809999999,0.818351396,0.814495895,0.777431856,0.798587849,0.79210509,0.801740558,0.774036125,0.79210509,0.798397373,0.7688341540000001,0.80346798,0.7967356320000001,0.22823531571125,0.309788041,0.287782196,0.345649692,0.354208126,0.232989578,0.298825498,0.269164691,0.308165078,0.227250487,0.269164691,0.310586696,0.204031171,0.315593244,0.20354129699999998,0.424689503432992,0.458522665,0.446428715,0.48469908700000003,0.499146789,0.381495436,0.448887285,0.415765606,0.45623693600000004,0.38016244299999996,0.415765606,0.468814571,0.334639144,0.461323534,0.34571016200000004
41,FordA,0.500254558918819,0.500457003,0.500762936,0.49999537200000005,0.499950014,0.49996945299999995,0.500540097,0.501068592,0.49999537200000005,0.500336326,0.501068592,0.500078404,0.500066648,0.49987812,0.5732195379999999,0.0003811373943739,0.000893518,0.00139,-7.68e-05,-0.00020800000000000001,-0.00016017,0.000969742,0.00212,-0.000118,0.000558848,0.00212,4.09e-05,7.890000000000001e-05,-0.000355202,0.146438543,0.00241553241777883,0.001253261,0.0049700000000000005,0.000714,0.00082,2.42e-06,0.003114553,0.00223,0.00107,0.002438422,0.00223,0.00133,9.84e-05,0.000468116,0.108517789
42,FordB,0.501436801176679,0.502696571,0.509245418,0.503307276,0.50962513,0.50280124,0.5026803639999999,0.509035838,0.502784232,0.500371495,0.509035838,0.509779479,0.53086196,0.506324815,0.519344655,0.00267770975355856,0.005357906999999999,0.018387351,0.006518021999999999,0.019224493,0.005578019,0.005282996999999999,0.018029226000000002,0.005495417,0.000712785,0.018029226000000002,0.019533905,0.061708735,0.012626542,0.038687793,0.00581956553359953,0.005609261999999999,0.02646245,0.0072870009999999995,0.018198985,0.005268783000000001,0.004309706,0.018897607,0.005179829,0.001355152,0.018897607,0.018369727,0.049609652000000004,0.011729543,0.02875377
43,FreezerRegularTrain,0.61261744966443,0.564733781,0.659096197,0.591257271,0.628653244,0.6001968679999999,0.5786308720000001,0.627239374,0.6470693510000001,0.626550336,0.627239374,0.627946309,0.5864250560000001,0.625861298,0.6398210289999999,0.225245601159812,0.129576308,0.318356743,0.182540946,0.25730844,0.20084129899999997,0.157381349,0.254486751,0.294445912,0.253109841,0.254486751,0.255897596,0.173721104,0.251728617,0.279631242,0.175712822104133,0.10516723800000001,0.266978294,0.142685806,0.20075226100000002,0.16871993,0.12537506699999998,0.198928219,0.259729836,0.197898283,0.198928219,0.19984024,0.15205854300000002,0.196591984,0.21785669600000002
44,FreezerSmallTrain,0.650793650793651,0.704761905,0.683333333,0.710846561,0.7359788359999999,0.691005291,0.746031746,0.7309523809999999,0.7058201059999999,0.7410052909999999,0.7309523809999999,0.715873016,0.6920634920000001,0.7309523809999999,0.746031746,0.301176470588235,0.409252954,0.36610682899999997,0.420982423,0.471256247,0.38168767299999995,0.491365777,0.46120148200000005,0.410927658,0.48131101200000004,0.46120148200000005,0.43103718799999996,0.384518145,0.46120148200000005,0.491365777,0.259749957981982,0.343324711,0.309425453,0.35089656799999996,0.391918463,0.32161641399999996,0.408327221,0.383714084,0.342692189,0.40012284200000003,0.383714084,0.359100947,0.331953315,0.383714084,0.408327221
45,Fungi,0.967320261437909,0.962091503,0.958169935,0.958823529,0.960130719,0.946405229,0.964052288,0.9522875820000001,0.956862745,0.952941176,0.9522875820000001,0.9594771240000001,0.955555556,0.949673203,0.8803921570000001,0.0,0.0,0.0,0.0,0.0,0.0,0.0,0.0,0.0,0.0,0.0,0.0,0.0,0.0,0.0,0.928631225435444,0.921983167,0.919124677,0.9189388059999999,0.91809663,0.902572032,0.9282874459999999,0.9095491609999999,0.915969402,0.9075173740000001,0.9095491609999999,0.91678514,0.915001499,0.898788492,0.7994951920000001
46,GestureMidAirD1,0.9423541434411,0.9359996279999999,0.934174099,0.939274433,0.938698439,0.9377601259999999,0.935525827,0.935716276,0.9344017090000001,0.9387588259999999,0.935716276,0.938429023,0.937648644,0.937713675,0.9402731329999999,0.225163405592739,0.205633366,0.209803404,0.22120301899999997,0.259179147,0.243275519,0.17214659899999998,0.22935891600000002,0.18674707100000001,0.22993277199999998,0.22935891600000002,0.24228555899999998,0.26919844,0.24782863600000002,0.268636612,0.610306348575546,0.594522054,0.598452425,0.605138569,0.638029553,0.632095822,0.568402694,0.614744349,0.582873758,0.616692838,0.614744349,0.623728255,0.652766594,0.636523489,0.649539925
47,GestureMidAirD2,0.937244518766258,0.940096618,0.94056113,0.937620773,0.941601635,0.9442865109999999,0.9366220740000001,0.937904125,0.935683761,0.9399804909999999,0.937904125,0.9426560759999999,0.942795429,0.9426932370000001,0.94570327,0.194018623712811,0.22422201,0.250390552,0.221163434,0.289504613,0.30546709,0.17127699600000001,0.251676952,0.200108118,0.260544122,0.251676952,0.29266351399999996,0.323291952,0.295891618,0.319371322,0.592922466784567,0.6078053210000001,0.634809919,0.608821756,0.661119954,0.67315943,0.567780838,0.6325637789999999,0.596393019,0.641232103,0.6325637789999999,0.668714435,0.694865017,0.670784301,0.6871983629999999
48,GestureMidAirD3,0.93125232255667,0.92849777,0.9291573759999999,0.9302907840000001,0.927173913,0.92807042,0.9295382759999999,0.928460609,0.9293803420000001,0.927875325,0.928460609,0.927559457,0.9298773690000001,0.9268998509999999,0.930109625,0.126293334550142,0.11065225599999999,0.111347925,0.118590962,0.134181509,0.13845915,0.10792617800000001,0.12456292699999999,0.111932281,0.135007282,0.12456292699999999,0.136428734,0.141476581,0.13457722,0.130149165,0.512063939047509,0.513955956,0.513230183,0.520171095,0.532178952,0.533152985,0.50605601,0.521821465,0.51296737,0.529532463,0.521821465,0.531523447,0.536458332,0.530076026,0.525728195
49,GesturePebbleZ1,0.843280129539672,0.850474208,0.852035623,0.857298173,0.878117048,0.840515845,0.859541985,0.870784178,0.878047652,0.846368263,0.870784178,0.8752371040000001,0.7769604440000001,0.8757575759999999,0.864885496,0.440824476907584,0.48846746799999996,0.49839942200000004,0.515344357,0.577085451,0.453699257,0.523221272,0.562742773,0.584621176,0.496102351,0.562742773,0.576669956,0.280210391,0.5811249070000001,0.521559106,0.613920150923282,0.6305571520000001,0.651657261,0.6532988479999999,0.71461273,0.597270718,0.660618532,0.701249572,0.717797569,0.662587881,0.701249572,0.7205143540000001,0.41849329799999996,0.7217973609999999,0.6443034000000001
50,GesturePebbleZ2,0.828436466698158,0.85596599,0.8505810109999999,0.8559943320000001,0.882768068,0.836230515,0.8570335379999999,0.87497402,0.87971658,0.858960794,0.87497402,0.888833255,0.809107227,0.871204535,0.877704299,0.43000681832159,0.500775189,0.49734298899999996,0.504932548,0.597972108,0.450474989,0.506993798,0.579955386,0.581312642,0.532095758,0.579955386,0.62496388,0.35644354100000003,0.5770890879999999,0.570984749,0.606416284115725,0.620736437,0.643974829,0.637236348,0.711132752,0.587649039,0.62307634,0.712369059,0.6914367140000001,0.668634944,0.712369059,0.7477003790000001,0.486186057,0.710912705,0.6838530690000001
51,GunPoint,0.497142857142857,0.50155102,0.50555102,0.50555102,0.512489796,0.497959184,0.500081633,0.5194285710000001,0.509795918,0.512326531,0.5194285710000001,0.504571429,0.49722449,0.519591837,0.49322449,-0.00532907007727152,0.005058611,0.012145319,0.012068001,0.025762992999999998,-0.002672726,0.000413406,0.039814661,0.020420643,0.025430626,0.039814661,0.009644853,-0.005176799,0.040011811,-0.013462523,0.0125803059847844,0.021897051,0.036561204,0.036513036,0.045591774,0.020961083999999998,0.016418457,0.060714834,0.041549446000000004,0.045306159000000006,0.060714834,0.028441384,0.012804306000000001,0.0606572,0.005920607
52,GunPointAgeSpan,0.542730790491985,0.544809287,0.541249309,0.549718076,0.543946932,0.548413488,0.529043671,0.5391708129999999,0.554007739,0.5478164729999999,0.5391708129999999,0.5475953570000001,0.530436705,0.539944721,0.5425096739999999,0.0859803170487359,0.09078835699999999,0.083122154,0.100924683,0.08900170199999999,0.097572776,0.059054114000000005,0.079209732,0.10960838199999999,0.097168004,0.079209732,0.095971285,0.061246477,0.081958074,0.085534505,0.0755376578700936,0.108471935,0.078277426,0.11189821300000001,0.091176799,0.087328147,0.067384217,0.078933281,0.145378725,0.112173601,0.078933281,0.095217544,0.05546062,0.090580649,0.075392841
53,GunPointMaleVersusFemale,0.725152017689331,0.583195135,0.739237148,0.625737977,0.716705362,0.519513543,0.5261470429999999,0.747175235,0.699657269,0.705008292,0.747175235,0.7124378109999999,0.803294638,0.705494748,0.7520840240000001,0.450660039955515,0.166999172,0.478755476,0.251944893,0.433813345,0.039994356,0.053094675,0.494725188,0.399815907,0.41047538100000003,0.494725188,0.42530968399999997,0.606764619,0.41149023100000004,0.504424026,0.480144478135507,0.194434628,0.488920287,0.2615291,0.46837477899999996,0.059878724,0.074924024,0.516334131,0.438481313,0.45199464100000003,0.516334131,0.462640402,0.609318591,0.453394255,0.518208941
54,GunPointOldVersusYoung,0.520806100217865,0.513431373,0.528562092,0.524183007,0.53003268,0.519498911,0.50291939,0.535620915,0.5277777779999999,0.535620915,0.535620915,0.531590414,0.5058060999999999,0.533257081,0.526732026,0.041864603426554,0.0277606,0.05737999,0.048754083,0.06041533599999999,0.03975791,0.0076101219999999995,0.071561326,0.056059603,0.07164502,0.071561326,0.063544198,0.011653985,0.066887107,0.053710789,0.0347597858414114,0.031880725,0.046548552,0.040611153,0.049739933,0.051716019,0.02324859,0.057943330999999994,0.047175772000000005,0.058820103,0.057943330999999994,0.052020465999999994,0.012907278000000001,0.055096365999999994,0.04397721
55,Ham,0.531090723751274,0.50190282,0.504315324,0.5084947329999999,0.502310567,0.499592253,0.504689093,0.5024464829999999,0.506150187,0.513217805,0.5024464829999999,0.507747197,0.498063201,0.502956167,0.506455997,0.0628971566697401,0.00571338,0.009853249,0.018881089,0.00767236,0.00175399,0.011236175,0.007783882,0.015196988,0.029249407,0.007783882,0.017885647,-0.000963553,0.008489429,0.012981221000000001,0.05424922368932449,0.011924937,0.019621716,0.022735597000000003,0.037549584,0.019383771,0.018980418,0.026580728999999997,0.024026145,0.051726166,0.026580728999999997,0.038677805,0.016112163999999998,0.030005947,0.016010208
56,HandOutlines,0.530780780780781,0.5091123120000001,0.553535135,0.522144745,0.5145889889999999,0.555162162,0.53298038,0.527375375,0.583633634,0.622630631,0.527375375,0.512634635,0.55313013,0.531335135,0.666624024,0.0549671669981552,0.018025592,0.083353073,0.041323649,0.028662742,0.10909026599999999,0.059504059000000005,0.054684101,0.129247971,0.244202333,0.054684101,0.025328298,0.10524862,0.059717913,0.319297189,0.0248481090166319,0.012223328,0.038135918,0.022056385,0.022113746,0.08560803800000001,0.029014485,0.04069199,0.09807386300000001,0.17759519899999998,0.04069199,0.020194972,0.08515709,0.042279249000000005,0.233611951
57,Haptics,0.550565563468789,0.618391286,0.612970256,0.5894093,0.634528697,0.649618768,0.66594889,0.638466695,0.657963972,0.661550063,0.638466695,0.634989527,0.627616255,0.63470465,0.69353163,0.0137674978351804,0.051370593,0.057691951,0.048943800999999995,0.073661021,0.042954959,0.08425157800000001,0.068665377,0.07824629400000001,0.084963216,0.068665377,0.08109649,0.041477007999999996,0.087754523,0.09240451,0.0799410787015244,0.104203048,0.115792155,0.113909111,0.13399842,0.099678111,0.131567488,0.12109130300000001,0.131855193,0.14031021,0.12109130300000001,0.142358591,0.10128387800000001,0.14882731,0.149272084
58,Herring,0.5,0.509623016,0.518154762,0.505853175,0.509176587,0.510962302,0.5113591270000001,0.49702381,0.5111111110000001,0.49553571399999996,0.49702381,0.503670635,0.510367063,0.511855159,0.493055556,-0.00342188763765321,0.000397096,0.018861468,-0.004330719,0.011621306999999999,0.014662578,0.0072031230000000005,-0.013804614,0.009012704,-0.011345945,-0.013804614,-0.007095791,0.013520111000000001,0.014395216,-0.013894568999999999,0.0381845755937696,0.015670953999999997,0.023426517,0.017527901999999998,0.027037868,0.028934061,0.018732306,0.011802838999999999,0.009305845,0.0023209710000000002,0.011802838999999999,0.020718922,0.05606976599999999,0.022100013999999998,0.002341273
59,HouseTwenty,0.738461538461539,0.6821794870000001,0.671794872,0.65974359,0.756923077,0.5166666670000001,0.669358974,0.590512821,0.639615385,0.708333333,0.590512821,0.714230769,0.595,0.712564103,0.523846154,0.476578947368421,0.364843698,0.34591195,0.32069466399999996,0.51428291,0.042895670999999996,0.338899668,0.18645929,0.282353535,0.417133611,0.18645929,0.429460009,0.197114705,0.425737982,0.049308597,0.3901596952836,0.341307066,0.42079149200000004,0.292634035,0.477453309,0.088533421,0.293273128,0.262723682,0.365051535,0.4122675,0.262723682,0.44416448299999994,0.23665678,0.434037505,0.06973107
60,InlineSkate,0.698787878787879,0.7371111109999999,0.726121212,0.74430303,0.7362626259999999,0.733010101,0.7277171720000001,0.720848485,0.728646465,0.722949495,0.720848485,0.726343434,0.72759596,0.730222222,0.745454545,0.036307826818623,0.045406260999999996,0.038903754,0.039358752000000004,0.036528814,0.04583629400000001,0.044443097,0.047178695,0.031831733,0.038104913,0.047178695,0.046978610999999997,0.046444779000000005,0.034722775,0.05788435,0.183184125307016,0.19902379999999997,0.19230770600000002,0.18798028100000003,0.180108822,0.202688991,0.190784835,0.19773265199999998,0.17034812600000002,0.185086869,0.19773265199999998,0.20033382600000002,0.203387294,0.18397612,0.214760452
61,InsectEPGRegularTrain,0.639873083024855,0.597673189,0.661025912,0.616552089,0.65764146,0.592332099,0.5806980429999999,0.61914331,0.590481227,0.611422528,0.61914331,0.664992068,0.648598625,0.642675833,0.652617663,0.299678001247534,0.152638589,0.28302452100000003,0.194253094,0.286012188,0.166459585,0.107101406,0.188648998,0.132026117,0.18784101399999997,0.188648998,0.300256065,0.260584964,0.251848433,0.27069511399999996,0.377329508726389,0.17932160100000002,0.32388405,0.23784014899999997,0.311023066,0.24918402399999998,0.128632861,0.216947869,0.186230867,0.218650835,0.216947869,0.331964733,0.291656985,0.27029077,0.336219551
62,InsectEPGSmallTrain,0.617647058823529,0.605147059,0.65,0.586029412,0.6522058820000001,0.575,0.580882353,0.619117647,0.613235294,0.582352941,0.619117647,0.630147059,0.665441176,0.6323529410000001,0.683088235,0.127344521224087,0.105100826,0.202525128,0.058692222999999995,0.222296173,0.092559382,0.04490328,0.13656105300000002,0.116280568,0.048738663,0.13656105300000002,0.168817986,0.251752817,0.17437408199999999,0.293125759,0.278590348216411,0.26037069,0.36354780700000006,0.239351713,0.39073919100000004,0.272448466,0.21507711699999998,0.276630168,0.27170695699999997,0.21823520600000001,0.276630168,0.320948926,0.42115922299999997,0.33199311,0.452098654
63,InsectWingbeatSound,0.834620174346202,0.8430261520000001,0.8577044420000001,0.842743877,0.858293898,0.842141968,0.839634703,0.8451847240000001,0.863154836,0.859086758,0.8451847240000001,0.8655500209999999,0.8382150270000001,0.865608136,0.849688667,0.150853821613278,0.11427634,0.251926376,0.16883056100000002,0.25242437,0.178886436,0.128260411,0.155006497,0.262351739,0.289540026,0.155006497,0.277015083,0.11730875699999999,0.29292209999999996,0.21800240399999998,0.33149085167456,0.30261301,0.457919972,0.37394006799999996,0.478264491,0.412056841,0.319707978,0.357959339,0.486424545,0.523622399,0.357959339,0.5059160220000001,0.319564337,0.51828694,0.45946731399999996
64,ItalyPowerDemand,0.601085481682497,0.594843962,0.535594754,0.601356852,0.499864315,0.5042062420000001,0.555042967,0.56969697,0.524830393,0.499050204,0.56969697,0.500407056,0.502397105,0.501944821,0.605970149,0.202122488658458,0.19080129199999998,0.074524779,0.203993642,0.006132454,0.015595376000000001,0.11173496699999999,0.141918716,0.054658882,0.00374724,0.141918716,0.006871446,0.011798766,0.010938392,0.21416001199999998,0.164712598951499,0.161817126,0.07825802,0.17899948300000001,0.021000558,0.041110161,0.10024035099999999,0.126340802,0.070198675,0.01691421,0.126340802,0.022720774,0.033849031,0.032445079,0.21314538600000002
65,LargeKitchenAppliances,0.465625668449198,0.560919786,0.42041354700000005,0.48754937600000003,0.534899109,0.573721212,0.564108378,0.573016756,0.40858752200000004,0.5318174689999999,0.573016756,0.566725134,0.558211765,0.562789305,0.588924064,0.0393281185930483,0.073540265,0.009127585,0.045518580999999995,0.085903039,0.061049695999999994,0.080218468,0.087808378,0.018326003,0.071961078,0.087808378,0.121794906,0.05787121,0.11494376199999999,0.141930593,0.0893436718087558,0.08842563099999999,0.04566025,0.09873657,0.104651215,0.063187903,0.09569287800000001,0.10436723199999999,0.06086015400000001,0.082912095,0.10436723199999999,0.136208037,0.06549669,0.13237655199999998,0.147696863
66,Lightning2,0.496610169491525,0.54259887,0.554011299,0.504915254,0.565141243,0.54440678,0.506723164,0.535762712,0.518813559,0.5427118639999999,0.535762712,0.5263841810000001,0.557683616,0.506158192,0.51819209,-0.0105083073295444,0.078572533,0.081624735,0.008387625,0.100470466,0.057405912999999996,0.012141851,0.062714411,0.028969946,0.06561829200000001,0.062714411,0.042179402000000005,0.084621895,0.003677777,0.026484298,0.0299006964299623,0.051341770999999994,0.086971274,0.015487758,0.125882981,0.049197572,0.019958345,0.095022198,0.03856314,0.067367051,0.095022198,0.075473527,0.046997696,0.026710317,0.143763624
67,Lightning7,0.804554865424431,0.791759834,0.7964803309999999,0.7964803309999999,0.803478261,0.8049689440000001,0.796687371,0.80447205,0.7925465840000001,0.799710145,0.80447205,0.7928364390000001,0.81378882,0.8036853,0.8236853000000001,0.231595793015953,0.223509502,0.260583186,0.23710547,0.303981022,0.326788486,0.247278566,0.297467435,0.27019498,0.284862324,0.297467435,0.29831331,0.36634343700000005,0.320149829,0.333387267,0.40683641309765106,0.43078322700000005,0.463889913,0.444043736,0.509222961,0.540785871,0.466160536,0.509644519,0.47101672899999997,0.500542775,0.509644519,0.500728362,0.54575621,0.515137547,0.546180333
68,Mallat,0.878114478114478,0.86989899,0.86983165,0.8737373740000001,0.90969697,0.906262626,0.876835017,0.903838384,0.87986532,0.920673401,0.903838384,0.921750842,0.912457912,0.917912458,0.915084175,0.538396146217059,0.46837164,0.5018469720000001,0.492531351,0.6089082610000001,0.6191886,0.520090512,0.612972566,0.514018558,0.662956463,0.612972566,0.6779820190000001,0.642686749,0.6578349170000001,0.6860736209999999,0.759202700331559,0.6851388959999999,0.7434814000000001,0.715649717,0.799387972,0.802197578,0.737949686,0.794963286,0.7362950659999999,0.8202393990000001,0.794963286,0.8344034779999999,0.818743089,0.8208698190000001,0.855966502
69,Meat,0.755367231638418,0.788587571,0.492485876,0.724519774,0.784293785,0.7880790959999999,0.7648587570000001,0.7899435029999999,0.42062146899999997,0.793163842,0.7899435029999999,0.788587571,0.783333333,0.809265537,0.77519774,0.499461196340054,0.5465551820000001,0.134262129,0.406910654,0.546403663,0.5320880720000001,0.5020246039999999,0.543727074,0.057328093,0.55490722,0.543727074,0.548616225,0.5310544939999999,0.579810836,0.513465119,0.628110678501722,0.6556679470000001,0.226249833,0.512797269,0.666352305,0.629938436,0.634328249,0.623637016,0.151969813,0.672004023,0.623637016,0.655946826,0.6451326479999999,0.671353764,0.633992999
70,MedicalImages,0.66532670258323,0.652678547,0.658849289,0.657002348,0.660524934,0.652670258,0.6474071,0.658838237,0.648788507,0.653233872,0.658838237,0.648258047,0.657394668,0.648517751,0.661258461,0.0905954666761466,0.048840827,0.06875208,0.063674526,0.08510573800000001,0.061102838,0.033550023,0.072330692,0.048243666,0.06508090400000001,0.072330692,0.061452558,0.077279805,0.064560477,0.066517329,0.22903660859522,0.17404772,0.23023585300000002,0.21143425100000002,0.25330874800000003,0.266129797,0.169157208,0.24150328699999998,0.216317598,0.241836758,0.24150328699999998,0.234960807,0.290019676,0.23200907,0.240261143
71,MelbournePedestrian,0.822036419238254,0.82635752,0.826288157,0.830365582,0.838874896,0.83729747,0.828510425,0.841866694,0.830408257,0.844613706,0.841866694,0.839440228,0.8304117320000001,0.848067417,0.879435363,0.135094834093406,0.119841945,0.157165257,0.167695437,0.25471441100000003,0.241333668,0.136833036,0.238348258,0.190255576,0.25441244,0.238348258,0.251789219,0.22765584,0.25056064100000003,0.376677549,0.21335363940611,0.21041892199999998,0.260045339,0.263236065,0.38608524899999996,0.379037168,0.23116625699999999,0.363273865,0.29631857899999997,0.38644035600000004,0.363273865,0.385394177,0.375409955,0.388096225,0.49537229
72,MiddlePhalanxOutlineAgeGroup,0.78719298245614,0.698072682,0.788250627,0.752753133,0.78052005,0.730924812,0.706714286,0.7897355890000001,0.76414411,0.76326817,0.7897355890000001,0.754516291,0.769510025,0.7686654140000001,0.717937343,0.565670797988677,0.378569252,0.567439613,0.492886146,0.551010045,0.448578008,0.39771672700000005,0.570624212,0.51658059,0.514788689,0.570624212,0.497100406,0.527358855,0.525849308,0.418794516,0.445088858375153,0.398378577,0.460489484,0.429923165,0.447490273,0.447333872,0.43184575399999997,0.46302665,0.456398477,0.44664124299999997,0.46302665,0.44084957,0.451568666,0.44556618299999995,0.43163522200000004
73,MiddlePhalanxOutlineCorrect,0.502643294379521,0.50417084,0.5017173070000001,0.502729549,0.5025670560000001,0.5026477460000001,0.50444463,0.50211241,0.501858653,0.5021791879999999,0.50211241,0.502618253,0.5027885360000001,0.501706733,0.501858653,0.005351147240548629,0.008325818,0.0034257940000000002,0.005509513000000001,0.005135888,0.0053592940000000006,0.009009000999999999,0.004247295,0.003674195,0.0043523120000000005,0.004247295,0.005233041,0.005648994,0.003346465,0.00372293,0.00453467945357636,0.006665774,0.002854099,0.004582961,0.004073162,0.004546894,0.008058533,0.003534175,0.0029068909999999996,0.003554688,0.003534175,0.004121897,0.004813637,0.0028818840000000004,0.0030987759999999997
74,MiddlePhalanxTW,0.777584665180539,0.801861438,0.8027203690000001,0.7773290009999999,0.7757055959999999,0.773589753,0.751310437,0.777214393,0.807586806,0.7880820140000001,0.777214393,0.784949812,0.747891084,0.7957821690000001,0.7953527029999999,0.349982334367015,0.43850229,0.47004532600000004,0.371674455,0.368767698,0.353356491,0.295498921,0.36829221,0.48983292799999995,0.402992962,0.36829221,0.39433034200000006,0.286455361,0.43585166,0.43226322899999997,0.414363955401409,0.42663013200000005,0.44525509,0.429035635,0.43244882799999995,0.426480005,0.410646865,0.435765811,0.454643315,0.434984631,0.435765811,0.43577282,0.422506521,0.44110621899999997,0.452421567
75,MixedShapesRegularTrain,0.686781563126253,0.748458517,0.758742285,0.789068537,0.7855086170000001,0.786431263,0.733942285,0.758163527,0.7661771540000001,0.767285772,0.758163527,0.793757114,0.747710621,0.790711022,0.813118236,0.249523666267473,0.32326181600000004,0.328119985,0.403952996,0.391796353,0.38895147700000005,0.275186233,0.346628915,0.327156204,0.324877303,0.346628915,0.408301045,0.305671932,0.413065041,0.43385574600000004,0.336542505441241,0.39908623,0.40093306799999995,0.46901774700000004,0.463647646,0.462739866,0.33887770799999994,0.445745158,0.396112349,0.38960516,0.445745158,0.47878412299999995,0.40329543,0.4856977,0.489901701
76,MixedShapesSmallTrain,0.842222222222222,0.7788888890000001,0.794484848,0.773636364,0.797757576,0.8064242420000001,0.770141414,0.764606061,0.7662828279999999,0.756565657,0.764606061,0.81969697,0.782747475,0.7968888890000001,0.8509898990000001,0.534135892847459,0.36437311899999997,0.40064807799999996,0.34664862700000004,0.42697683299999994,0.42582195899999997,0.319924222,0.35717155100000003,0.323544197,0.291361871,0.35717155100000003,0.46199479,0.386624119,0.4098263,0.541080752,0.651074848281985,0.467778362,0.510245261,0.457869175,0.5289224029999999,0.515480441,0.40009869200000003,0.476265221,0.402245088,0.379338619,0.476265221,0.560311377,0.505250325,0.511879815,0.627977498
77,MoteStrain,0.663157894736842,0.601578947,0.7184210529999999,0.706315789,0.7284210529999999,0.577894737,0.712105263,0.8663157890000001,0.681578947,0.773157895,0.8663157890000001,0.741052632,0.592105263,0.7426315790000001,0.705263158,0.325942350332594,0.205063784,0.436270053,0.412233929,0.45699304700000004,0.15799903699999998,0.423043985,0.7320377570000001,0.362935213,0.545319494,0.7320377570000001,0.482130921,0.185615132,0.483923006,0.40939229,0.300167187221177,0.21324971899999998,0.392044147,0.370269721,0.415957268,0.15554663900000001,0.3682051,0.6885715,0.33297644600000004,0.478199575,0.6885715,0.451287768,0.17901061899999998,0.41544929799999997,0.364853995
78,NonInvasiveFetalECGThorax1,0.953176456055834,0.9524198009999999,0.957305108,0.95615033,0.959606448,0.958830647,0.9507877220000001,0.961760052,0.9571877590000001,0.95818115,0.961760052,0.959371317,0.959951393,0.95758094,0.949588722,0.266642379370854,0.22745203,0.289901723,0.280997632,0.32139772899999997,0.29452661,0.222117113,0.349937395,0.29163410300000003,0.283470757,0.349937395,0.31824295199999997,0.297484598,0.312775183,0.32267322600000004,0.604804218198479,0.561178654,0.636110969,0.619554535,0.659422834,0.637220145,0.557002996,0.678814045,0.632646458,0.625555379,0.678814045,0.658195667,0.639218894,0.6569265000000001,0.6749110140000001
79,NonInvasiveFetalECGThorax2,0.960045704403681,0.955672843,0.96479013,0.959946822,0.965984745,0.963819344,0.9556221979999999,0.9672323509999999,0.9632824409999999,0.961414181,0.9672323509999999,0.9658409609999999,0.9634546970000001,0.9655719840000001,0.9644939779999999,0.313387153383465,0.268016364,0.378167498,0.328914249,0.392319924,0.360040533,0.263412613,0.41774074200000005,0.35540639399999996,0.32809661,0.41774074200000005,0.395523324,0.360370564,0.390804775,0.44681912799999995,0.6481485457562111,0.605374521,0.69860857,0.65997716,0.70692689,0.688326969,0.598245226,0.730228988,0.6812948679999999,0.6563581629999999,0.730228988,0.706608844,0.688820531,0.707690906,0.758537425
80,OliveOil,0.544827586206897,0.736551724,0.312183908,0.47195402299999994,0.837701149,0.783908046,0.7374712640000001,0.833333333,0.306896552,0.8370114940000001,0.833333333,0.83816092,0.7944827590000001,0.849885057,0.80183908,0.194534844574122,0.423205801,0.020515098,0.133280159,0.620647872,0.47318930299999995,0.422028595,0.5924889289999999,0.017095915,0.5999069,0.5924889289999999,0.600321735,0.5013372660000001,0.632838366,0.525336653,0.281414283653515,0.548563761,0.05979277400000001,0.256218186,0.677712179,0.565326931,0.54748804,0.667689323,0.049827312,0.654763335,0.667689323,0.667424179,0.588396892,0.6862712129999999,0.615844799
81,OSULeaf,0.720603015075377,0.729532663,0.750090452,0.7500251259999999,0.7565778890000001,0.74341206,0.721939698,0.739095477,0.72438191,0.729281407,0.739095477,0.757482412,0.738889447,0.766396985,0.774537688,0.117326885053247,0.193464937,0.20977178,0.214921539,0.23684719899999998,0.16423274599999999,0.106047802,0.157539175,0.10330097099999999,0.132808662,0.157539175,0.240243028,0.17362751899999998,0.235908775,0.229179634,0.226877844986732,0.290589818,0.318233129,0.305084062,0.344232442,0.24952875300000002,0.16971424100000002,0.246202557,0.17032529600000001,0.21696328399999998,0.246202557,0.332978487,0.25354675,0.333997385,0.34569911600000003
82,PhalangesOutlinesCorrect,0.50061392131431,0.501897968,0.49978210100000003,0.500417454,0.49984201100000003,0.499782904,0.501573467,0.499929899,0.499767093,0.49989302700000005,0.499929899,0.499861034,0.49980828899999996,0.50014261,0.500077821,0.00126706359166132,0.00200212,-0.0007068210000000001,0.000248642,-0.001069157,-0.0006994880000000001,0.002250639,-0.000897363,-0.0007589960000000001,-0.00091883,-0.000897363,-0.001157604,-0.000667765,-0.0007391969999999999,-0.001305563,0.0012410319237780901,0.00073423,0.00044552599999999996,0.000183245,0.0014697789999999998,0.000359367,0.006428874,0.001682879,0.00049892,0.001359577,0.001682879,0.0018628660000000001,0.00047450199999999996,0.003154615,0.003637172
83,Phoneme,0.928129524812426,0.9189241370000001,0.92764249,0.921762977,0.9249133429999999,0.929349305,0.9116668859999999,0.926567505,0.92823483,0.9166688609999999,0.926567505,0.921069721,0.9283971740000001,0.918805669,0.933903734,0.0696185042043999,0.053418114,0.070683578,0.057701700999999994,0.091588324,0.053806222,0.053396840999999994,0.066751795,0.078155298,0.080083402,0.066751795,0.086846887,0.063832554,0.082209712,0.040090775,0.528123730777303,0.504349397,0.528029115,0.515905709,0.532004895,0.519584556,0.497888981,0.524674148,0.52997497,0.512982969,0.524674148,0.530287749,0.524240093,0.522725043,0.5185498620000001
84,PickupGestureWiimoteZ,0.871020408163265,0.873142857,0.870530612,0.876653061,0.876734694,0.857714286,0.86522449,0.85355102,0.861959184,0.870857143,0.85355102,0.870122449,0.8811428570000001,0.881877551,0.877795918,0.304527488321955,0.285326397,0.312557558,0.311093383,0.365122601,0.270749864,0.274068506,0.254556419,0.277850594,0.303981315,0.254556419,0.317508418,0.355984191,0.364013861,0.315675943,0.638778288660614,0.6150408620000001,0.633490522,0.63891078,0.672547619,0.608875945,0.601818502,0.5937902420000001,0.61857195,0.631577512,0.5937902420000001,0.657317551,0.672360393,0.6714176740000001,0.636808088
85,PigAirwayPressure,0.972367438386856,0.967419716,0.968820015,0.967158327,0.9688386859999999,0.9656460040000001,0.967905153,0.966803585,0.969585512,0.968017177,0.966803585,0.968035848,0.9661314409999999,0.970182972,0.933532487,0.0742135309121827,0.049161409,0.036466821,0.0380285,0.046478122999999996,0.029434191000000002,0.039010199,0.037137197999999996,0.045161432,0.039256335,0.037137197999999996,0.04616405,0.015788321,0.053767869,0.039502542,0.800185603630921,0.779251248,0.779750485,0.776883193,0.783487121,0.770783785,0.778377078,0.7775210709999999,0.785187258,0.777726513,0.7775210709999999,0.7816466790000001,0.768584649,0.788383435,0.682221176
86,PigArtPressure,0.971247199402539,0.971247199,0.973487677,0.972778193,0.9735810309999999,0.970537715,0.971116505,0.9707244209999999,0.970164302,0.970444361,0.9707244209999999,0.9718073190000001,0.97098581,0.972479462,0.957542942,0.218774625689519,0.18223082100000002,0.18814657,0.20546002800000002,0.197461097,0.111448749,0.16896986100000003,0.12887215400000002,0.17140207100000002,0.11405534099999999,0.12887215400000002,0.17461161,0.11679138,0.17433322,0.13501711800000002,0.834261308540709,0.824385623,0.826286816,0.832259985,0.8289566540000001,0.80395612,0.819523902,0.807050169,0.819858365,0.802067857,0.807050169,0.823220658,0.805120095,0.8234501259999999,0.7696187
87,PigCVP,0.973300970873786,0.971620612,0.9717326359999999,0.970911128,0.9704817029999999,0.9651045559999999,0.9693241220000001,0.969454817,0.967737117,0.9679798359999999,0.969454817,0.9698469009999999,0.967176998,0.9712098579999999,0.970182972,0.18085757188143,0.107759331,0.131438937,0.12255754199999999,0.11880639800000001,0.035969134,0.034509546,0.08233776,0.042172682999999996,0.027018671,0.08233776,0.114798582,0.048468502999999996,0.093516266,0.158924269,0.826977075225961,0.8039547570000001,0.81094368,0.804121412,0.802726548,0.77083156,0.781906986,0.7913397670000001,0.777523692,0.776830461,0.7913397670000001,0.800615427,0.780527284,0.7986796820000001,0.813082878
88,PLAID,0.792774952055366,0.840317963,0.85261194,0.836820089,0.847711165,0.850320326,0.83573126,0.851145112,0.853507602,0.848861141,0.851145112,0.84907585,0.860150365,0.845152033,0.8555782540000001,0.196386029132209,0.241416026,0.308790295,0.23239388800000002,0.272674136,0.304374712,0.24526558699999998,0.291108767,0.314094167,0.274490729,0.291108767,0.289120329,0.352060941,0.268747409,0.262277769,0.37686145322447,0.37152234,0.42851279700000006,0.37285244700000003,0.417000145,0.435223874,0.38345631700000005,0.424067242,0.441990988,0.420990818,0.424067242,0.42212725799999995,0.48162259399999996,0.40058092799999995,0.411325913
89,Plane,0.896336996336996,0.899981685,0.915897436,0.9259157509999999,0.930457875,0.9036446890000001,0.883388278,0.941245421,0.9,0.9292490840000001,0.941245421,0.95470696,0.9464468859999999,0.9214102559999999,0.911593407,0.636367572849212,0.632833077,0.6921368940000001,0.724763031,0.746147873,0.673954652,0.571123241,0.783252653,0.655357559,0.761472877,0.783252653,0.8321568659999999,0.799896264,0.715952822,0.7057078440000001,0.822762310000501,0.7780708359999999,0.830645959,0.8437660440000001,0.8677494579999999,0.843401779,0.721150855,0.892543555,0.807180204,0.8867213540000001,0.892543555,0.91318506,0.90808015,0.8493521279999999,0.8560295490000001
90,PowerCons,0.568963376784606,0.537306021,0.619248914,0.553252638,0.641849783,0.547194289,0.542358783,0.599112353,0.59132216,0.5509497210000001,0.599112353,0.584177529,0.508435754,0.57594041,0.577579143,0.13809353425919,0.074705396,0.238776757,0.106938189,0.284060507,0.095668272,0.085192793,0.1990224,0.183321318,0.103028896,0.1990224,0.169574958,0.019205741000000002,0.152786255,0.155271475,0.112240124011998,0.060737150999999996,0.193470492,0.08688154199999999,0.247947985,0.113428469,0.07955746799999999,0.19478114,0.16554951099999998,0.100457718,0.19478114,0.159619934,0.033304923,0.146123742,0.134493521
91,ProximalPhalanxOutlineAgeGroup,0.761704260651629,0.774525063,0.7500263159999999,0.770510025,0.7648433579999999,0.7438922309999999,0.714843358,0.758196742,0.764176692,0.7422844609999999,0.758196742,0.7302205509999999,0.755822055,0.74862782,0.769383459,0.490456094045109,0.517595211,0.475232639,0.509999734,0.508380736,0.457587084,0.399331892,0.49018,0.5063023,0.456900362,0.49018,0.43268101,0.482942605,0.47499285799999996,0.504896688,0.435325615814884,0.48595464200000005,0.48901136700000003,0.49359585,0.49082210200000004,0.499156352,0.45717940100000004,0.501073489,0.501828433,0.466306719,0.501073489,0.468866444,0.513526096,0.492982752,0.489408061
92,ProximalPhalanxOutlineCorrect,0.522676683361158,0.523709516,0.52632276,0.523628826,0.5271769620000001,0.5226766829999999,0.516376183,0.528181413,0.524532554,0.526592098,0.528181413,0.525659432,0.523120757,0.527217585,0.529147468,0.0453913823407436,0.047335708,0.052505863,0.047255449000000005,0.054123820999999996,0.045391382,0.032946249,0.056115900999999996,0.049020199,0.053037292,0.056115900999999996,0.051221149,0.046259920999999996,0.054254649,0.058001834,0.0466303746735669,0.050511278,0.05651982,0.049157094000000005,0.059410408,0.046630375,0.030659096,0.061743556,0.051594437,0.05718764900000001,0.061743556,0.054626814,0.047815763,0.058911048,0.064321763
93,ProximalPhalanxTW,0.798145363408521,0.75002005,0.803213033,0.75910401,0.7698082709999999,0.769605263,0.73266416,0.76597995,0.774818296,0.74595614,0.76597995,0.760383459,0.752978697,0.7525877190000001,0.7799624059999999,0.467577995735209,0.363233253,0.530812653,0.38067675700000003,0.403816075,0.39913043299999995,0.305371447,0.397694224,0.45671195,0.357350923,0.397694224,0.37520954,0.36042192,0.367031681,0.41930329899999996,0.543351560541071,0.516848719,0.559724192,0.515805734,0.52501231,0.53590075,0.471278424,0.539962542,0.537539296,0.513584668,0.539962542,0.52617224,0.5316955560000001,0.513664691,0.526226965
94,RefrigerationDevices,0.6287344028520501,0.579003209,0.6111472370000001,0.5910459889999999,0.592648841,0.479957219,0.591182888,0.586432799,0.609360428,0.5873041,0.586432799,0.563248485,0.48385169299999997,0.589089483,0.556389305,0.164583077013626,0.084011517,0.139785844,0.10993914199999999,0.10956683800000001,0.021163805,0.095200947,0.100435499,0.139079474,0.119221164,0.100435499,0.09428712800000001,0.022238662000000003,0.11767450800000001,0.009803003000000001,0.160384305480759,0.098234334,0.165202548,0.119191423,0.12976257,0.053796054,0.11021607,0.10365149800000001,0.165525118,0.12957275,0.10365149800000001,0.120751581,0.06638024599999999,0.126337828,0.015401981
95,Rock,0.673684210526316,0.660526316,0.673157895,0.682631579,0.655789474,0.6521052629999999,0.665263158,0.626842105,0.645789474,0.6615789470000001,0.626842105,0.6394736839999999,0.6610526320000001,0.662631579,0.714736842,0.0695102685624013,0.054204933,0.09002225800000001,0.10822639099999999,0.07198961400000001,0.09593643800000001,0.099299896,0.07180924799999999,0.040283687,0.081585623,0.07180924799999999,0.053107130999999995,0.10329758,0.07296267,0.171545804,0.312720228667085,0.287378659,0.325646286,0.34690814700000006,0.303091791,0.344790282,0.32872483,0.30004705800000003,0.259799698,0.308769895,0.30004705800000003,0.289087247,0.328236933,0.310451118,0.380177996
96,ScreenType,0.554609625668449,0.543425312,0.554978966,0.55097754,0.553624242,0.5312884139999999,0.551138681,0.556934046,0.558110517,0.546223173,0.556934046,0.553427451,0.5227807489999999,0.549431729,0.559744742,0.023997292859918,0.004430331,0.020665142,0.010685762,0.023118125,0.003055011,0.011023883,0.025434667,0.025740887999999996,0.02027337,0.025434667,0.024207533,0.006336875,0.022354814,0.007354787,0.026123241271894,0.009214742,0.022556256,0.015770076,0.025303292999999998,0.008572904000000001,0.015358971,0.027230375,0.027485392999999997,0.02336236,0.027230375,0.027864682999999998,0.012130941000000001,0.027375867999999998,0.011705118
97,SemgHandGenderCh2,0.502095875139353,0.5009141579999999,0.50967447,0.5012441470000001,0.5040356739999999,0.528791527,0.499551839,0.516095875,0.508316611,0.5063768120000001,0.516095875,0.5040356739999999,0.549698997,0.512263099,0.547373467,0.00436251393295036,0.0023639579999999998,0.019778746,0.0033958990000000004,0.009912551,0.057925082999999995,-0.000167945,0.032398867000000005,0.017167765,0.01442548,0.032398867000000005,0.009912551,0.099697285,0.025997137000000003,0.09476760599999999,0.00585551866190015,0.0065588930000000005,0.020207375,0.009678408000000001,0.024629198999999997,0.05759385400000001,0.004283039000000001,0.028458612999999997,0.018487654,0.030487036000000002,0.028458612999999997,0.024629198999999997,0.08809160199999999,0.046472359000000005,0.072786839
98,SemgHandMovementCh2,0.625498638950755,0.673435288,0.691154665,0.684112843,0.6312318729999999,0.6964939370000001,0.69403415,0.6460905720000001,0.6848740409999999,0.660039594,0.6460905720000001,0.6619114079999999,0.69396486,0.645747092,0.7436426629999999,0.0282710620917014,0.052046987999999995,0.077389263,0.060357705,0.057066217,0.095666399,0.068524751,0.078254484,0.08167677799999999,0.065153238,0.078254484,0.069728165,0.09097687300000001,0.07448959599999999,0.12267267800000001,0.11301017136197,0.112940755,0.154553862,0.125444571,0.149964304,0.196307363,0.134244048,0.170872258,0.15036663,0.14079295,0.170872258,0.15548889800000001,0.17855140100000003,0.148260601,0.224663377
99,SemgHandSubjectCh2,0.671358574610245,0.668730512,0.695347686,0.6576293000000001,0.680149468,0.699333828,0.6629418460000001,0.6940193020000001,0.654431081,0.611409057,0.6940193020000001,0.624682009,0.709170007,0.610500371,0.731072507,0.160921029561462,0.10616898699999999,0.161085956,0.11559685199999999,0.152402907,0.16469810199999999,0.11148044900000001,0.144204367,0.12431012699999999,0.118623528,0.144204367,0.12446604,0.178326542,0.11434353400000001,0.21261899399999998,0.268216490150268,0.19283265800000002,0.265218293,0.21413110800000001,0.24722688,0.27581596199999997,0.215487125,0.24014766199999998,0.24802220600000002,0.24075807899999999,0.24014766199999998,0.23998351199999998,0.252137075,0.21668605600000002,0.27998879
100,ShakeGestureWiimoteZ,0.875918367346939,0.870204082,0.88922449,0.884163265,0.9017959179999999,0.8869387759999999,0.8648979590000001,0.882122449,0.8819591840000001,0.8896326529999999,0.882122449,0.9025306120000001,0.884244898,0.885795918,0.893469388,0.325972850678733,0.24504937699999998,0.37897453799999997,0.313172325,0.426785917,0.371057883,0.238979385,0.40396246399999997,0.33822696399999996,0.36469576200000003,0.40396246399999997,0.446785296,0.36093836100000004,0.354254908,0.369959204,0.630959908969859,0.572527582,0.677523469,0.622392045,0.70681648,0.6696635,0.566846007,0.7111958420000001,0.643383932,0.662929555,0.7111958420000001,0.719828351,0.664881829,0.659292848,0.677434083
101,ShapeletSim,0.478947368421053,0.545263158,0.478947368,0.473684211,0.497368421,0.478947368,0.487368421,0.501052632,0.49105263200000004,0.557894737,0.501052632,0.503157895,0.485789474,0.490526316,0.49421052600000004,-0.0398009950248756,0.088393855,-0.044419767,-0.053215078,-0.003932608,-0.043496012,-0.024768992000000004,0.016952012,-0.020664198999999998,0.12763503,0.016952012,0.005408583000000001,-0.030172205,-0.010870059,-0.011002066999999999,0.008218230491653709,0.103936616,0.007325623000000001,0.0,0.048373430999999995,0.007504144,0.01977514,0.074609615,0.023972087000000003,0.24497907800000002,0.074609615,0.046714621,0.016869485,0.054627012999999995,0.029962461
102,ShapesAll,0.969755147468002,0.97192877,0.973469115,0.973612131,0.973524207,0.9728475240000001,0.971891486,0.972649416,0.972559822,0.972572065,0.972649416,0.974462437,0.972539789,0.974254869,0.977201447,0.287522916223953,0.30754055,0.32517576800000003,0.317194107,0.332195913,0.28564676899999997,0.28235916699999997,0.301012687,0.29704058,0.28902132399999997,0.301012687,0.332351808,0.27425494,0.325066123,0.389232718,0.707893591858902,0.715762055,0.724108858,0.7161041359999999,0.731352934,0.6956039,0.693208895,0.7044146609999999,0.700144828,0.69802343,0.7044146609999999,0.7277248479999999,0.6891812070000001,0.7225513309999999,0.7574321279999999
103,SmallKitchenAppliances,0.401996434937611,0.545331907,0.37004492,0.403345455,0.578548307,0.550086275,0.538901961,0.6079215689999999,0.40485133700000003,0.5632998220000001,0.6079215689999999,0.5885875220000001,0.610911943,0.540979679,0.515515152,0.006300146118075721,0.09674007800000001,0.002862122,0.005404213000000001,0.146182821,0.065753447,0.081418063,0.161137371,0.020042234,0.120788232,0.161137371,0.14910565,0.157139335,0.100149121,0.023651252999999997,0.0457928933903044,0.11310874900000001,0.038877603999999996,0.034569145,0.146877899,0.081826315,0.09450753199999999,0.157357842,0.050910477999999995,0.142562524,0.157357842,0.147690903,0.15528296,0.11952306800000001,0.052123141
104,SmoothSubspace,0.58076062639821,0.580680089,0.672277405,0.611364653,0.732295302,0.705199105,0.559722595,0.7643758390000001,0.653395973,0.732313199,0.7643758390000001,0.756107383,0.656778523,0.729243848,0.598684564,0.0900908651283074,0.092933536,0.301015659,0.145854848,0.411213939,0.34985888,0.062058178,0.473050531,0.242135333,0.409193914,0.473050531,0.45930039799999994,0.24400914,0.400910339,0.09503502800000001,0.129686474152847,0.10898292400000001,0.331343104,0.167495588,0.42479749899999997,0.37465714899999997,0.08427945699999999,0.47342204200000004,0.23968166300000002,0.437385257,0.47342204200000004,0.46348414299999996,0.268594774,0.41438833700000005,0.11196762699999999
105,SonyAIBORobotSurface1,0.557894736842105,0.503157895,0.500526316,0.52,0.527894737,0.584210526,0.488421053,0.643157895,0.577894737,0.5878947370000001,0.643157895,0.542105263,0.6542105260000001,0.5321052629999999,0.542631579,0.116865869853918,0.005205078,-0.004234909,0.03910238,0.050717884000000005,0.154145822,-0.022884879,0.280439755,0.137161634,0.16195184599999998,0.280439755,0.082998501,0.298344652,0.055238819,0.072022791,0.0985589044979957,0.022249976,0.032841398,0.062029522000000004,0.050636092,0.127429462,0.009841784000000001,0.24444074899999998,0.129497286,0.16523171,0.24444074899999998,0.082006389,0.273294561,0.04638311,0.07281910400000001
106,SonyAIBORobotSurface2,0.737891737891738,0.594301994,0.6997151,0.693447293,0.7492877490000001,0.714529915,0.596011396,0.732763533,0.717378917,0.737891738,0.732763533,0.794871795,0.621652422,0.737891738,0.635327635,0.47589833479404,0.188673603,0.39943504799999996,0.386968775,0.49853190799999997,0.429102576,0.192065104,0.465528832,0.434777665,0.47577922100000003,0.465528832,0.58970296,0.243509753,0.47577922100000003,0.270937301,0.395072422617851,0.157009641,0.356453991,0.310113802,0.42906573299999995,0.34553932600000004,0.155890251,0.375023969,0.34846889,0.383875662,0.375023969,0.574966701,0.197979233,0.383875662,0.22723216100000002
107,StarLightCurves,0.783003003003003,0.7175739740000001,0.7548768770000001,0.74416977,0.7749363359999999,0.7797113109999999,0.734502903,0.771984985,0.7590930929999999,0.766425425,0.771984985,0.7639235240000001,0.781784985,0.7668344340000001,0.7676220220000001,0.549872805366781,0.41990999700000003,0.489057873,0.474223374,0.534766298,0.545811633,0.44750255,0.525066159,0.49668164600000003,0.514027145,0.525066159,0.507867971,0.553159733,0.513759801,0.513299269,0.599084778658698,0.497951975,0.596381261,0.550189926,0.61139864,0.622141273,0.536804489,0.610797261,0.5956080539999999,0.575576296,0.610797261,0.597521984,0.638345498,0.615095491,0.607357036
108,Strawberry,0.535467912015268,0.516380386,0.526625724,0.524715052,0.520888377,0.530312723,0.5233214979999999,0.526590538,0.533147811,0.524801416,0.526590538,0.52271695,0.521149602,0.517695039,0.5029267820000001,0.0690324079552963,0.022912149,0.044659247,0.037350297000000005,0.029683201,0.051142957,0.041765993,0.043028656,0.05588023599999999,0.039064048,0.043028656,0.032147275,0.029200022000000003,0.019343817,-0.023736958,0.0888891202032707,0.068706981,0.098233185,0.10595631900000001,0.104272646,0.104971516,0.075210652,0.090344386,0.10071023900000001,0.105424214,0.090344386,0.11450077199999999,0.110913925,0.101249694,0.128785411
109,SwedishLeaf,0.881386773547094,0.846135471,0.888411222,0.8847871740000001,0.892906613,0.892861723,0.814924248,0.8936456909999999,0.8917042079999999,0.88837996,0.8936456909999999,0.896806413,0.8852537070000001,0.890928257,0.890139479,0.232788532456024,0.15932337800000002,0.290832872,0.267876866,0.30670146600000003,0.27908982600000004,0.136188455,0.30008190100000004,0.275177253,0.29520675,0.30008190100000004,0.326550175,0.259631729,0.28301259100000004,0.291615154,0.479202728089275,0.406223609,0.550355527,0.519623562,0.5672362329999999,0.521253349,0.38178608299999994,0.557452862,0.527364151,0.552037501,0.557452862,0.58520622,0.522519173,0.5408535,0.5496008379999999
110,Symbols,0.946666666666667,0.937666667,0.920333333,0.887,0.8759999999999999,0.892333333,0.8583333329999999,0.8663333329999999,0.8796666670000001,0.875,0.8663333329999999,0.889,0.859666667,0.858666667,0.86,0.813953488372093,0.785090472,0.72895574,0.620667391,0.602929649,0.660179883,0.547454645,0.589853115,0.62343063,0.578716869,0.589853115,0.662479264,0.575116173,0.593565241,0.597813994,0.877279140597593,0.8816384270000001,0.8670878879999999,0.822577232,0.816108142,0.848827715,0.751600722,0.789792774,0.802006777,0.792285492,0.789792774,0.84745927,0.8153871570000001,0.8236530959999999,0.8035433329999999
111,SyntheticControl,0.829609810479376,0.7673534000000001,0.842891862,0.7880111479999999,0.892695652,0.8752441470000001,0.769134894,0.8820713490000001,0.809212932,0.873192865,0.8820713490000001,0.8828963209999999,0.89806689,0.874637681,0.887295429,0.419279069365531,0.210335252,0.473286538,0.293203712,0.646631202,0.604938424,0.217996258,0.618585222,0.356667505,0.579017091,0.618585222,0.615640512,0.66914974,0.597831876,0.610124201,0.532341892105713,0.332700267,0.5931772,0.412077975,0.768042404,0.763703701,0.33182046800000004,0.7559344720000001,0.488543685,0.708248333,0.7559344720000001,0.750553274,0.7982504990000001,0.7355359229999999,0.714452405
112,ToeSegmentation1,0.507692307692308,0.5016666670000001,0.5169230770000001,0.504230769,0.5216666670000001,0.493333333,0.512692308,0.510384615,0.49179487200000005,0.498205128,0.510384615,0.523589744,0.511153846,0.505128205,0.5015384620000001,0.0147368421052632,0.0034407459999999997,0.034005926,0.009437963,0.04643310900000001,-0.013257353999999999,0.026257262000000003,0.023128405,-0.016704423,-0.0030771559999999997,0.023128405,0.048641493,0.030029481,0.015376831,0.004111683,0.0290494055453315,0.021789096,0.045390927000000005,0.027631193999999998,0.073645237,0.009193594,0.038070841,0.04478849,0.006631260999999999,0.016779304,0.04478849,0.067005244,0.074040051,0.05032837,0.035201583
113,ToeSegmentation2,0.587301587301587,0.502539683,0.6188888889999999,0.531428571,0.542539683,0.489365079,0.493968254,0.574761905,0.49174603200000006,0.49126984100000004,0.574761905,0.545555556,0.523650794,0.505714286,0.746031746,0.174228675136116,0.007498777,0.23990133100000002,0.066566282,0.088932888,-0.020554598,-0.011636635,0.153240316,-0.016028642,-0.017240919,0.153240316,0.096290175,0.051083675,0.018569669,0.49235213,0.150497404472675,0.028360217000000004,0.24149089,0.096947571,0.139684959,0.005408338,0.012116818,0.208559887,0.00894988,0.008631788,0.208559887,0.164063113,0.07855070900000001,0.094172105,0.45453056399999997
114,Trace,0.860606060606061,0.7827070709999999,0.758343434,0.814868687,0.8312323229999999,0.8089898990000001,0.7361414140000001,0.804969697,0.7542626259999999,0.751838384,0.804969697,0.793070707,0.856686869,0.753535354,0.6812323229999999,0.62493485363839,0.441080019,0.39045117100000004,0.518074691,0.56274612,0.528222332,0.318742862,0.497709164,0.358223311,0.357026623,0.497709164,0.47074406,0.632042083,0.36160017,0.314284062,0.739854617588847,0.5706990829999999,0.549016986,0.651208949,0.6940612559999999,0.69146636,0.462194585,0.635085208,0.525969508,0.526640585,0.635085208,0.6180223810000001,0.755469422,0.526603439,0.458129356
115,TwoLeadECG,0.557312252964427,0.547826087,0.644268775,0.565217391,0.56916996,0.590513834,0.5011857710000001,0.63083004,0.594466403,0.639525692,0.63083004,0.565217391,0.611857708,0.639525692,0.516205534,0.113558155540262,0.09436674199999999,0.287680661,0.129215227,0.137135337,0.188057638,0.005411848,0.262608407,0.19369479399999998,0.280081708,0.262608407,0.129276276,0.228573545,0.279837428,0.04721605,0.112916516708517,0.099244952,0.245933243,0.12483914300000001,0.130430302,0.178701794,0.033171167,0.247389341,0.17885373899999998,0.260444244,0.247389341,0.124592373,0.21253080300000002,0.257697401,0.056140947000000004
116,TwoPatterns,0.618728728728729,0.610565165,0.67504985,0.607280681,0.660065465,0.637381381,0.615473273,0.89885986,0.605500701,0.6246866870000001,0.89885986,0.658685886,0.700038038,0.635491692,0.67667027,0.0206579026334923,0.002540587,0.159579783,0.014888908000000001,0.126992354,0.08575583,-5.14e-05,0.740727914,0.016475688999999998,0.057541515,0.740727914,0.11739463900000001,0.23415412600000002,0.075773829,0.21272886,0.0258596982168167,0.006645199,0.185588965,0.022835331,0.151015976,0.110615744,0.0032747490000000004,0.7700794409999999,0.02267319,0.07698150000000001,0.7700794409999999,0.14839670800000002,0.280893868,0.099709497,0.31770652899999996
117,UMD,0.534920634920635,0.645555556,0.638095238,0.65952381,0.676507937,0.605079365,0.641587302,0.621269841,0.65015873,0.6815873020000001,0.621269841,0.653650794,0.616190476,0.640634921,0.617777778,0.026208337289906,0.20289361399999997,0.18638619899999997,0.22736290399999998,0.27239050800000003,0.16739774400000001,0.19689194100000001,0.172388188,0.219056053,0.279367924,0.172388188,0.23643345699999999,0.201564406,0.210088054,0.128931482,0.115707604291031,0.30093421600000003,0.299969657,0.335922214,0.39174501899999997,0.26876673,0.2928732,0.296702943,0.32022905,0.40290222700000006,0.296702943,0.356564306,0.315876442,0.33855891200000005,0.25223960100000004
118,UWaveGestureLibraryAll,0.742859636871508,0.8160093279999999,0.768707602,0.817713488,0.8125650940000001,0.8283761470000001,0.832260076,0.838109288,0.84354175,0.85944982,0.838109288,0.825412011,0.789131584,0.8572057059999999,0.9104352059999999,0.170762651913539,0.264407764,0.18289735,0.276187623,0.292925543,0.314171192,0.315475897,0.34770586200000003,0.34341552299999994,0.404002706,0.34770586200000003,0.29699870899999997,0.23527096399999997,0.38998956,0.598011392,0.31514760495592,0.375535929,0.313384252,0.388340454,0.41820776,0.444228375,0.433551099,0.474297025,0.450463024,0.508887564,0.474297025,0.41565797200000004,0.383169928,0.499698121,0.673200969
119,UWaveGestureLibraryX,0.788148443735036,0.79824147,0.796238777,0.8027633679999999,0.810394802,0.830761173,0.79844149,0.814485734,0.809343575,0.8192622709999999,0.814485734,0.809157273,0.8158846270000001,0.8257664109999999,0.8470795090000001,0.168214133937802,0.177510759,0.176694298,0.19523226800000001,0.21994607600000002,0.28854387,0.151854389,0.266848138,0.178010421,0.229691085,0.266848138,0.220203935,0.266642942,0.259379042,0.323862415,0.277971407692435,0.253598693,0.26307813,0.281013169,0.326773477,0.390802173,0.238826709,0.390951691,0.263830943,0.335468146,0.390951691,0.324466396,0.384606327,0.363238006,0.45182980799999994
120,UWaveGestureLibraryY,0.806803671189146,0.816271947,0.805426476,0.80979175,0.814777285,0.826926875,0.813918845,0.8051389170000001,0.8228661209999999,0.824302923,0.8051389170000001,0.8081110340000001,0.825922536,0.824427873,0.827188996,0.18466963326748,0.206805577,0.20335752699999998,0.205197238,0.237550392,0.288185962,0.210468937,0.228985918,0.236131686,0.259294962,0.228985918,0.237694684,0.302373182,0.27281932,0.24193723399999997,0.276586490159511,0.300720149,0.30404721,0.300912754,0.346292755,0.408411156,0.308092621,0.34446774700000005,0.33878631299999995,0.37745243700000003,0.34446774700000005,0.354535404,0.41524843,0.392102541,0.361653137
121,UWaveGestureLibraryZ,0.791280925778133,0.798579409,0.7992817240000001,0.810761173,0.820703063,0.829217877,0.8009724159999999,0.8205412009999999,0.8144283720000001,0.8277693540000001,0.8205412009999999,0.830115223,0.822464585,0.832181265,0.852463089,0.172827890623057,0.18285336,0.22136925300000002,0.21804342899999998,0.266670061,0.314170233,0.15444998,0.319211882,0.195683235,0.284902191,0.319211882,0.282820732,0.28768728,0.317912901,0.356153548,0.275169799349443,0.275636731,0.334937448,0.30571641,0.371821556,0.424988496,0.236134183,0.452492131,0.28295052800000003,0.38126891700000004,0.452492131,0.38111485700000003,0.425596254,0.426659623,0.481724385
122,Wafer,0.550750750750751,0.519144144,0.5630816820000001,0.6004766770000001,0.547848248,0.546672472,0.523054454,0.547541742,0.566198599,0.546856056,0.547541742,0.54841982,0.546064665,0.54735015,0.556829229,0.0205517037828856,0.006190512,-0.006060769000000001,0.122855795,0.000549256,-0.003707022,0.006722545,-0.00024201,0.027426588999999998,-0.0029629120000000003,-0.00024201,0.003007203,-0.006189993,-0.000981374,0.034935706000000004,0.00330950244860237,0.0076963330000000005,0.00020299999999999997,0.073760777,8.44e-05,0.000119226,0.00514656,0.000143778,0.006543053,6.0899999999999996e-05,0.000143778,0.000322,0.00041800400000000003,1.4499999999999998e-05,0.009093015999999999
123,Wine,0.510025062656642,0.494736842,0.503258145,0.5071428570000001,0.491353383,0.494736842,0.498120301,0.491353383,0.503759398,0.49122807,0.491353383,0.491353383,0.495363409,0.491353383,0.492481203,0.0199023728302456,-0.008815581999999999,0.014261891,0.014403672,-0.015934283,-0.009624145,0.000746731,-0.015934283,0.016686133,-0.016356698,-0.015934283,-0.015949621,-0.008501436,-0.015800267,-0.013204671999999999,0.0260952929078489,0.011964545,0.05401849,0.021930242000000003,0.000147512,0.004016286,0.031021699,0.000147512,0.069275433,0.000100222,0.000147512,0.000106475,0.004875493,9.740000000000001e-05,0.000974005
124,WordSynonyms,0.879389484948326,0.884458337,0.880487736,0.885032807,0.88750528,0.894945228,0.885680493,0.888823182,0.889620118,0.89099434,0.888823182,0.892219312,0.889338515,0.890177691,0.890067866,0.140246398319158,0.140530552,0.162958673,0.159642707,0.19591736199999998,0.21636539100000002,0.144151071,0.17041645800000002,0.17220289,0.192399084,0.17041645800000002,0.192800074,0.177218706,0.19472773899999998,0.17622633899999998,0.438694491046564,0.443838014,0.47948797299999996,0.45782744299999995,0.511929402,0.538879016,0.449280309,0.49623013299999996,0.48198189799999996,0.515446471,0.49623013299999996,0.522655344,0.519663937,0.520734989,0.515695793
125,Worms,0.65451197053407,0.651141805,0.660908533,0.658262738,0.671190915,0.65567833,0.557464702,0.658974831,0.61354205,0.658373235,0.658974831,0.673327195,0.6535052179999999,0.666022099,0.6463720070000001,0.0804859577210645,0.128552321,0.099297089,0.10517430300000001,0.12030370300000001,0.08371980799999999,0.100981531,0.062495872,0.087589153,0.082353509,0.062495872,0.114804604,0.087507421,0.07693473099999999,0.028846732000000003,0.137151452000319,0.144307873,0.157553634,0.134915657,0.16575452,0.127186759,0.100893778,0.133117707,0.10728109699999999,0.11914009800000001,0.133117707,0.167626053,0.13557987400000002,0.130808707,0.06730979200000001
126,WormsTwoClass,0.499079189686925,0.497360344,0.501129527,0.49760589299999997,0.5039410679999999,0.502111725,0.497237569,0.502099448,0.497237569,0.499017802,0.502099448,0.508311848,0.502737876,0.5051565379999999,0.501804788,-0.00505877405367445,-0.011581778000000001,5.19e-06,-0.011,0.00601,-6.24e-06,-0.016591734,0.0034700000000000004,-0.0146,-0.007199929,0.0034700000000000004,0.0145,0.000732708,0.008043657,0.00322694,0.0152444798217664,0.014248185,0.015523553999999998,0.014668346,0.016097798,0.027854286000000002,0.028235842999999997,0.00993498,0.017709341,0.023333191,0.00993498,0.020059794,0.027232756,0.02389561,0.008656236
127,Yoga,0.498528428093646,0.504381271,0.504528428,0.5032196210000001,0.503507246,0.49942029,0.501930881,0.498673356,0.499371237,0.500816054,0.498673356,0.503473802,0.49978595299999995,0.50193311,0.501685619,-0.00351732790426596,0.00871688,0.008929906999999999,0.0064032080000000005,0.0067147990000000005,-0.001524828,0.003335356,-0.002739096,-0.00193568,0.001089268,-0.002739096,0.006813166999999999,-0.000487866,0.0034746779999999997,0.003220717,0.00013640615850842199,0.009351033,0.0074819990000000005,0.007579745,0.0060881369999999995,0.0036087759999999997,0.011520839,0.000466296,0.0059111580000000006,0.009197714000000001,0.000466296,0.00661767,0.002160902,0.00812568,0.006864129
